EC number	Scoring Based on Function
1.1.1.1	1
1.1.1.2	1
1.1.1.B3	1
1.1.1.3	1
1.1.1.B4	1
1.1.1.4	1
1.1.1.5	1
1.1.1.6	1
1.1.1.7	1
1.1.1.8	1
1.1.1.9	1
1.1.1.10	1
1.1.1.11	1
1.1.1.12	1
1.1.1.13	1
1.1.1.14	1
1.1.1.15	1
1.1.1.16	1
1.1.1.17	1
1.1.1.18	1
1.1.1.B18	1
1.1.1.19	1
1.1.1.B19	1
1.1.1.20	1
1.1.1.B20	1
1.1.1.21	1
1.1.1.22	1
1.1.1.23	1
1.1.1.24	1
1.1.1.B25	1
1.1.1.25	1
1.1.1.26	1
1.1.1.27	0.5
1.1.1.28	1
1.1.1.B28	1
1.1.1.29	1
1.1.1.30	1
1.1.1.31	1
1.1.1.32	1
1.1.1.33	1
1.1.1.34	1
1.1.1.35	1
1.1.1.B35	1
1.1.1.36	1
1.1.1.37	1
1.1.1.B38	1
1.1.1.38	1
1.1.1.39	1
1.1.1.B40	1
1.1.1.40	1
1.1.1.41	1
1.1.1.42	5
1.1.1.43	1
1.1.1.44	1
1.1.1.45	1
1.1.1.46	1
1.1.1.47	1
1.1.1.B47	1
1.1.1.48	1
1.1.1.49	1
1.1.1.50	1
1.1.1.51	1
1.1.1.B51	1
1.1.1.B52	1
1.1.1.52	1
1.1.1.53	1
1.1.1.54	1
1.1.1.55	1
1.1.1.56	1
1.1.1.B57	1
1.1.1.57	1
1.1.1.B58	1
1.1.1.58	1
1.1.1.59	1
1.1.1.60	1
1.1.1.B60	1
1.1.1.61	1
1.1.1.62	1
1.1.1.B63	1
1.1.1.63	1
1.1.1.64	1
1.1.1.B64	1
1.1.1.B65	1
1.1.1.65	1
1.1.1.66	1
1.1.1.67	1
1.1.1.68	1
1.1.1.69	1
1.1.1.70	1
1.1.1.71	1
1.1.1.72	1
1.1.1.73	1
1.1.1.74	1
1.1.1.75	1
1.1.1.76	1
1.1.1.77	1
1.1.1.78	1
1.1.1.79	1
1.1.1.80	1
1.1.1.81	1
1.1.1.82	1
1.1.1.83	1
1.1.1.84	1
1.1.1.85	1
1.1.1.86	1
1.1.1.87	1
1.1.1.88	1
1.1.1.89	1
1.1.1.90	1
1.1.1.91	1
1.1.1.92	1
1.1.1.93	1
1.1.1.94	1
1.1.1.95	1
1.1.1.96	1
1.1.1.97	1
1.1.1.98	1
1.1.1.99	1
1.1.1.100	1
1.1.1.101	1
1.1.1.102	1
1.1.1.103	1
1.1.1.104	1
1.1.1.105	1
1.1.1.106	1
1.1.1.107	1
1.1.1.108	1
1.1.1.109	1
1.1.1.110	1
1.1.1.111	1
1.1.1.112	1
1.1.1.113	1
1.1.1.114	1
1.1.1.115	1
1.1.1.116	1
1.1.1.117	1
1.1.1.118	1
1.1.1.119	1
1.1.1.120	1
1.1.1.121	1
1.1.1.122	1
1.1.1.123	1
1.1.1.124	1
1.1.1.125	1
1.1.1.126	1
1.1.1.127	1
1.1.1.128	1
1.1.1.129	1
1.1.1.130	1
1.1.1.131	1
1.1.1.132	1
1.1.1.133	1
1.1.1.134	1
1.1.1.135	1
1.1.1.136	1
1.1.1.137	1
1.1.1.138	1
1.1.1.139	1
1.1.1.140	1
1.1.1.141	1
1.1.1.142	1
1.1.1.143	1
1.1.1.144	1
1.1.1.145	1
1.1.1.146	1
1.1.1.147	1
1.1.1.148	1
1.1.1.149	1
1.1.1.150	1
1.1.1.151	1
1.1.1.152	1
1.1.1.153	1
1.1.1.154	1
1.1.1.155	1
1.1.1.156	1
1.1.1.157	1
1.1.1.158	1
1.1.1.159	1
1.1.1.160	1
1.1.1.161	1
1.1.1.162	1
1.1.1.163	1
1.1.1.164	1
1.1.1.165	1
1.1.1.166	1
1.1.1.167	1
1.1.1.168	1
1.1.1.169	1
1.1.1.170	1
1.1.1.171	1
1.1.1.172	1
1.1.1.173	1
1.1.1.174	1
1.1.1.175	1
1.1.1.176	1
1.1.1.177	1
1.1.1.178	1
1.1.1.179	1
1.1.1.180	1
1.1.1.181	1
1.1.1.182	1
1.1.1.183	1
1.1.1.184	1
1.1.1.185	1
1.1.1.186	1
1.1.1.187	1
1.1.1.188	1
1.1.1.189	1
1.1.1.190	1
1.1.1.191	1
1.1.1.192	1
1.1.1.193	1
1.1.1.194	1
1.1.1.195	1
1.1.1.196	1
1.1.1.197	1
1.1.1.198	1
1.1.1.199	1
1.1.1.200	1
1.1.1.201	1
1.1.1.202	1
1.1.1.203	1
1.1.1.204	1
1.1.1.205	1
1.1.1.206	1
1.1.1.207	1
1.1.1.208	1
1.1.1.209	1
1.1.1.210	1
1.1.1.211	1
1.1.1.212	1
1.1.1.213	1
1.1.1.214	1
1.1.1.215	1
1.1.1.216	1
1.1.1.217	1
1.1.1.218	1
1.1.1.219	1
1.1.1.220	1
1.1.1.221	1
1.1.1.222	1
1.1.1.223	1
1.1.1.224	1
1.1.1.225	1
1.1.1.226	1
1.1.1.227	1
1.1.1.228	1
1.1.1.229	1
1.1.1.230	1
1.1.1.231	1
1.1.1.232	1
1.1.1.233	1
1.1.1.234	1
1.1.1.235	1
1.1.1.236	1
1.1.1.237	1
1.1.1.238	1
1.1.1.239	1
1.1.1.240	1
1.1.1.241	1
1.1.1.242	1
1.1.1.243	1
1.1.1.244	1
1.1.1.245	1
1.1.1.246	1
1.1.1.247	1
1.1.1.248	1
1.1.1.249	1
1.1.1.250	1
1.1.1.251	1
1.1.1.252	1
1.1.1.253	1
1.1.1.254	1
1.1.1.255	1
1.1.1.256	5
1.1.1.257	1
1.1.1.258	1
1.1.1.259	1
1.1.1.260	1
1.1.1.261	1
1.1.1.262	1
1.1.1.263	1
1.1.1.264	1
1.1.1.265	1
1.1.1.266	1
1.1.1.267	1
1.1.1.268	1
1.1.1.269	1
1.1.1.270	1
1.1.1.271	1
1.1.1.272	1
1.1.1.273	1
1.1.1.274	1
1.1.1.275	1
1.1.1.276	1
1.1.1.277	1
1.1.1.278	1
1.1.1.279	1
1.1.1.280	1
1.1.1.281	1
1.1.1.282	1
1.1.1.283	1
1.1.1.284	1
1.1.1.285	1
1.1.1.286	1
1.1.1.287	1
1.1.1.288	1
1.1.1.289	1
1.1.1.290	1
1.1.1.291	1
1.1.1.292	1
1.1.1.293	1
1.1.1.294	1
1.1.1.295	1
1.1.1.296	1
1.1.1.297	1
1.1.1.298	1
1.1.1.299	1
1.1.1.300	1
1.1.1.301	1
1.1.1.302	1
1.1.1.303	1
1.1.1.304	1
1.1.1.305	1
1.1.1.306	1
1.1.1.307	1
1.1.1.308	1
1.1.1.309	1
1.1.1.310	1
1.1.1.311	1
1.1.1.312	1
1.1.1.313	1
1.1.1.314	1
1.1.1.315	1
1.1.1.316	1
1.1.1.317	1
1.1.1.318	1
1.1.1.319	1
1.1.1.320	1
1.1.1.321	1
1.1.1.322	1
1.1.1.323	1
1.1.1.324	1
1.1.1.325	1
1.1.1.326	1
1.1.1.327	1
1.1.1.328	1
1.1.1.329	1
1.1.1.330	1
1.1.1.331	1
1.1.1.332	1
1.1.1.333	1
1.1.1.334	1
1.1.1.335	1
1.1.1.336	1
1.1.1.337	1
1.1.1.338	1
1.1.1.339	1
1.1.1.340	1
1.1.1.341	1
1.1.1.342	1
1.1.1.343	1
1.1.1.344	1
1.1.1.345	1
1.1.1.346	1
1.1.1.347	1
1.1.1.348	1
1.1.1.349	1
1.1.1.350	1
1.1.1.351	1
1.1.1.352	1
1.1.1.353	1
1.1.1.354	1
1.1.1.355	1
1.1.1.356	1
1.1.1.357	1
1.1.1.358	1
1.1.1.359	1
1.1.1.360	1
1.1.1.361	1
1.1.1.362	1
1.1.1.363	1
1.1.1.364	1
1.1.1.365	1
1.1.1.366	1
1.1.1.367	1
1.1.1.368	1
1.1.1.369	1
1.1.1.370	1
1.1.1.371	1
1.1.1.372	1
1.1.1.373	1
1.1.1.374	1
1.1.1.375	1
1.1.1.376	1
1.1.1.377	1
1.1.1.378	1
1.1.1.379	1
1.1.1.380	1
1.1.1.381	1
1.1.1.382	1
1.1.1.383	1
1.1.1.384	1
1.1.1.385	1
1.1.1.386	1
1.1.1.387	1
1.1.1.388	1
1.1.1.389	1
1.1.1.390	1
1.1.1.391	1
1.1.1.392	1
1.1.1.393	1
1.1.1.394	1
1.1.1.395	1
1.1.1.396	1
1.1.1.397	1
1.1.1.398	1
1.1.1.399	1
1.1.1.400	1
1.1.1.401	1
1.1.1.402	1
1.1.1.403	1
1.1.1.404	1
1.1.1.405	1
1.1.1.406	1
1.1.1.407	1
1.1.1.408	1
1.1.1.409	1
1.1.1.410	1
1.1.1.411	1
1.1.1.412	1
1.1.1.413	1
1.1.1.414	1
1.1.1.415	1
1.1.1.416	1
1.1.1.417	1
1.1.1.418	1
1.1.1.419	1
1.1.1.420	1
1.1.1.421	1
1.1.1.422	1
1.1.1.423	1
1.1.1.424	1
1.1.2.1	1
1.1.2.2	1
1.1.2.B2	1
1.1.2.3	1
1.1.2.B3	1
1.1.2.4	1
1.1.2.5	1
1.1.2.B5	1
1.1.2.6	1
1.1.2.7	1
1.1.2.8	1
1.1.2.9	1
1.1.2.10	1
1.1.3.1	1
1.1.3.2	1
1.1.3.3	1
1.1.3.4	1
1.1.3.B4	1
1.1.3.5	1
1.1.3.6	5
1.1.3.7	1
1.1.3.8	1
1.1.3.9	1
1.1.3.10	1
1.1.3.11	1
1.1.3.12	1
1.1.3.13	1
1.1.3.14	1
1.1.3.15	1
1.1.3.16	1
1.1.3.17	1
1.1.3.18	5
1.1.3.19	1
1.1.3.20	1
1.1.3.21	1
1.1.3.22	1
1.1.3.23	1
1.1.3.24	1
1.1.3.25	1
1.1.3.26	1
1.1.3.27	1
1.1.3.28	1
1.1.3.29	1
1.1.3.30	1
1.1.3.31	1
1.1.3.32	1
1.1.3.33	1
1.1.3.34	1
1.1.3.35	1
1.1.3.36	1
1.1.3.37	1
1.1.3.38	1
1.1.3.39	1
1.1.3.40	1
1.1.3.41	1
1.1.3.42	1
1.1.3.43	1
1.1.3.44	1
1.1.3.45	1
1.1.3.46	1
1.1.3.47	1
1.1.3.48	1
1.1.3.49	1
1.1.4.B1	1
1.1.4.1	1
1.1.4.2	1
1.1.5.1	1
1.1.5.B1	1
1.1.5.2	1
1.1.5.B2	1
1.1.5.3	1
1.1.5.B3	1
1.1.5.4	5
1.1.5.5	1
1.1.5.6	1
1.1.5.7	1
1.1.5.8	1
1.1.5.9	1
1.1.5.10	1
1.1.5.11	1
1.1.5.12	1
1.1.5.13	1
1.1.7.1	1
1.1.9.1	1
1.1.98.1	1
1.1.98.2	1
1.1.98.3	1
1.1.98.4	1
1.1.98.5	1
1.1.98.6	1
1.1.98.7	1
1.1.99.1	1
1.1.99.B1	1
1.1.99.2	1
1.1.99.3	1
1.1.99.B3	1
1.1.99.4	1
1.1.99.5	1
1.1.99.6	1
1.1.99.B6	1
1.1.99.7	1
1.1.99.B7	1
1.1.99.8	1
1.1.99.B9	1
1.1.99.9	1
1.1.99.10	1
1.1.99.11	1
1.1.99.12	1
1.1.99.13	1
1.1.99.14	1
1.1.99.15	1
1.1.99.16	1
1.1.99.17	1
1.1.99.18	1
1.1.99.19	1
1.1.99.20	1
1.1.99.21	1
1.1.99.22	1
1.1.99.23	1
1.1.99.24	1
1.1.99.25	1
1.1.99.26	1
1.1.99.27	1
1.1.99.28	1
1.1.99.29	1
1.1.99.30	1
1.1.99.31	1
1.1.99.32	1
1.1.99.33	1
1.1.99.34	1
1.1.99.35	1
1.1.99.36	1
1.1.99.37	5
1.1.99.38	1
1.1.99.39	1
1.1.99.40	1
1.1.99.41	1
1.1.99.42	1
1.2.1.1	1
1.2.1.2	1
1.2.1.3	1
1.2.1.4	1
1.2.1.5	1
1.2.1.6	1
1.2.1.7	1
1.2.1.B8	1
1.2.1.8	1
1.2.1.9	1
1.2.1.10	1
1.2.1.11	5
1.2.1.12	0.5
1.2.1.13	1
1.2.1.14	1
1.2.1.15	1
1.2.1.16	1
1.2.1.17	1
1.2.1.18	1
1.2.1.19	1
1.2.1.20	1
1.2.1.21	1
1.2.1.22	1
1.2.1.23	1
1.2.1.B23	1
1.2.1.24	1
1.2.1.25	1
1.2.1.B25	1
1.2.1.26	1
1.2.1.27	1
1.2.1.28	1
1.2.1.29	1
1.2.1.B29	1
1.2.1.30	1
1.2.1.31	1
1.2.1.32	1
1.2.1.33	1
1.2.1.34	1
1.2.1.35	1
1.2.1.36	1
1.2.1.37	1
1.2.1.38	1
1.2.1.39	1
1.2.1.40	1
1.2.1.41	1
1.2.1.42	1
1.2.1.43	1
1.2.1.44	1
1.2.1.45	1
1.2.1.46	1
1.2.1.47	1
1.2.1.48	1
1.2.1.49	1
1.2.1.50	1
1.2.1.51	1
1.2.1.52	1
1.2.1.53	1
1.2.1.54	1
1.2.1.55	1
1.2.1.56	1
1.2.1.57	1
1.2.1.58	1
1.2.1.59	1
1.2.1.60	1
1.2.1.61	1
1.2.1.62	1
1.2.1.63	1
1.2.1.64	1
1.2.1.65	1
1.2.1.66	1
1.2.1.67	1
1.2.1.68	1
1.2.1.69	1
1.2.1.70	1
1.2.1.71	1
1.2.1.72	1
1.2.1.73	1
1.2.1.74	1
1.2.1.75	1
1.2.1.76	1
1.2.1.77	1
1.2.1.78	5
1.2.1.79	1
1.2.1.80	1
1.2.1.81	1
1.2.1.82	1
1.2.1.83	1
1.2.1.84	1
1.2.1.85	1
1.2.1.86	1
1.2.1.87	1
1.2.1.88	1
1.2.1.89	1
1.2.1.90	1
1.2.1.91	1
1.2.1.92	1
1.2.1.93	1
1.2.1.94	1
1.2.1.95	1
1.2.1.96	1
1.2.1.97	1
1.2.1.98	1
1.2.1.99	1
1.2.1.100	1
1.2.1.101	1
1.2.1.102	1
1.2.1.103	1
1.2.1.104	1
1.2.1.105	1
1.2.2.1	1
1.2.2.B1	1
1.2.2.2	1
1.2.2.B2	1
1.2.2.3	1
1.2.2.4	1
1.2.3.1	1
1.2.3.2	1
1.2.3.3	1
1.2.3.4	1
1.2.3.5	1
1.2.3.6	1
1.2.3.7	1
1.2.3.8	1
1.2.3.9	1
1.2.3.10	1
1.2.3.11	1
1.2.3.12	1
1.2.3.13	1
1.2.3.14	1
1.2.3.15	1
1.2.4.1	0.5
1.2.4.2	0.5
1.2.4.3	1
1.2.4.4	1
1.2.5.1	1
1.2.5.2	1
1.2.5.3	1
1.2.7.1	1
1.2.7.2	1
1.2.7.B2	1
1.2.7.3	1
1.2.7.B3	1
1.2.7.4	1
1.2.7.5	1
1.2.7.6	1
1.2.7.7	1
1.2.7.8	1
1.2.7.9	1
1.2.7.10	1
1.2.7.11	1
1.2.7.12	1
1.2.98.1	1
1.2.99.1	1
1.2.99.2	1
1.2.99.3	1
1.2.99.4	1
1.2.99.5	1
1.2.99.6	1
1.2.99.7	1
1.2.99.8	1
1.2.99.9	1
1.2.99.10	1
1.3.1.1	1
1.3.1.2	1
1.3.1.3	1
1.3.1.4	1
1.3.1.5	1
1.3.1.6	1
1.3.1.B7	1
1.3.1.7	1
1.3.1.8	1
1.3.1.9	1
1.3.1.10	1
1.3.1.11	1
1.3.1.12	1
1.3.1.B13	1
1.3.1.13	1
1.3.1.B14	1
1.3.1.14	1
1.3.1.15	5
1.3.1.16	1
1.3.1.17	1
1.3.1.18	1
1.3.1.19	5
1.3.1.20	1
1.3.1.21	1
1.3.1.22	1
1.3.1.23	1
1.3.1.24	1
1.3.1.25	1
1.3.1.26	1
1.3.1.27	1
1.3.1.28	1
1.3.1.29	5
1.3.1.30	1
1.3.1.31	1
1.3.1.32	1
1.3.1.33	1
1.3.1.34	1
1.3.1.35	1
1.3.1.36	1
1.3.1.37	1
1.3.1.38	1
1.3.1.39	1
1.3.1.40	1
1.3.1.41	1
1.3.1.42	1
1.3.1.43	1
1.3.1.44	1
1.3.1.45	1
1.3.1.46	1
1.3.1.47	1
1.3.1.48	1
1.3.1.49	5
1.3.1.50	1
1.3.1.51	1
1.3.1.52	1
1.3.1.53	5
1.3.1.54	1
1.3.1.55	1
1.3.1.56	1
1.3.1.57	1
1.3.1.58	1
1.3.1.59	1
1.3.1.60	1
1.3.1.61	1
1.3.1.62	1
1.3.1.63	1
1.3.1.64	5
1.3.1.65	1
1.3.1.66	1
1.3.1.67	1
1.3.1.68	1
1.3.1.69	1
1.3.1.70	1
1.3.1.71	1
1.3.1.72	1
1.3.1.73	1
1.3.1.74	1
1.3.1.75	1
1.3.1.76	1
1.3.1.77	1
1.3.1.78	1
1.3.1.79	1
1.3.1.80	1
1.3.1.81	1
1.3.1.82	1
1.3.1.83	1
1.3.1.84	1
1.3.1.85	1
1.3.1.86	1
1.3.1.87	1
1.3.1.88	1
1.3.1.89	1
1.3.1.90	1
1.3.1.91	1
1.3.1.92	1
1.3.1.93	1
1.3.1.94	1
1.3.1.95	1
1.3.1.96	1
1.3.1.97	1
1.3.1.98	1
1.3.1.99	1
1.3.1.100	1
1.3.1.101	1
1.3.1.102	1
1.3.1.103	1
1.3.1.104	1
1.3.1.105	1
1.3.1.106	1
1.3.1.107	1
1.3.1.108	1
1.3.1.109	1
1.3.1.110	1
1.3.1.111	1
1.3.1.112	1
1.3.1.113	1
1.3.1.114	1
1.3.1.115	1
1.3.1.116	1
1.3.1.117	1
1.3.1.118	1
1.3.1.119	1
1.3.1.120	1
1.3.1.121	1
1.3.1.122	1
1.3.1.123	1
1.3.1.124	1
1.3.2.1	1
1.3.2.2	1
1.3.2.3	1
1.3.3.1	1
1.3.3.2	1
1.3.3.3	1
1.3.3.4	1
1.3.3.5	1
1.3.3.6	1
1.3.3.7	1
1.3.3.8	1
1.3.3.9	1
1.3.3.10	1
1.3.3.11	1
1.3.3.12	1
1.3.3.13	1
1.3.3.14	1
1.3.3.15	1
1.3.3.16	1
1.3.4.1	1
1.3.5.1	1
1.3.5.2	1
1.3.5.3	1
1.3.5.B4	1
1.3.5.4	1
1.3.5.5	1
1.3.5.6	1
1.3.7.1	1
1.3.7.2	1
1.3.7.3	1
1.3.7.4	1
1.3.7.5	1
1.3.7.6	1
1.3.7.7	1
1.3.7.8	1
1.3.7.9	1
1.3.7.10	1
1.3.7.11	1
1.3.7.12	1
1.3.7.13	1
1.3.7.14	1
1.3.7.15	1
1.3.8.1	1
1.3.8.2	1
1.3.8.3	1
1.3.8.4	1
1.3.8.5	1
1.3.8.6	1
1.3.8.7	1
1.3.8.8	1
1.3.8.9	1
1.3.8.10	1
1.3.8.11	1
1.3.8.12	1
1.3.8.13	1
1.3.8.14	1
1.3.8.15	1
1.3.8.16	1
1.3.98.1	1
1.3.98.2	1
1.3.98.3	1
1.3.98.4	1
1.3.98.5	1
1.3.98.6	1
1.3.99.1	1
1.3.99.2	1
1.3.99.B2	1
1.3.99.3	1
1.3.99.4	1
1.3.99.5	1
1.3.99.6	1
1.3.99.7	1
1.3.99.8	1
1.3.99.9	1
1.3.99.10	1
1.3.99.11	1
1.3.99.12	1
1.3.99.B12	1
1.3.99.B13	1
1.3.99.13	1
1.3.99.14	1
1.3.99.15	1
1.3.99.B15	1
1.3.99.B16	1
1.3.99.16	1
1.3.99.17	1
1.3.99.18	1
1.3.99.19	1
1.3.99.20	1
1.3.99.21	1
1.3.99.22	1
1.3.99.23	1
1.3.99.24	1
1.3.99.25	1
1.3.99.26	1
1.3.99.27	1
1.3.99.28	1
1.3.99.29	1
1.3.99.30	1
1.3.99.31	1
1.3.99.32	1
1.3.99.33	1
1.3.99.34	1
1.3.99.35	1
1.3.99.36	1
1.3.99.37	1
1.3.99.38	1
1.3.99.39	1
1.3.99.40	1
1.4.1.1	1
1.4.1.2	1
1.4.1.B2	1
1.4.1.3	1
1.4.1.B4	1
1.4.1.4	5
1.4.1.B5	1
1.4.1.5	1
1.4.1.6	1
1.4.1.7	1
1.4.1.8	1
1.4.1.9	5
1.4.1.10	1
1.4.1.11	1
1.4.1.12	1
1.4.1.13	1
1.4.1.14	1
1.4.1.15	1
1.4.1.16	1
1.4.1.17	1
1.4.1.18	1
1.4.1.19	1
1.4.1.20	1
1.4.1.21	1
1.4.1.23	1
1.4.1.24	1
1.4.1.25	1
1.4.1.26	1
1.4.1.27	1
1.4.2.B1	1
1.4.2.1	1
1.4.3.1	1
1.4.3.B1	1
1.4.3.2	1
1.4.3.3	1
1.4.3.4	1
1.4.3.5	1
1.4.3.6	1
1.4.3.7	1
1.4.3.8	1
1.4.3.9	1
1.4.3.10	1
1.4.3.11	1
1.4.3.12	1
1.4.3.13	1
1.4.3.14	1
1.4.3.15	1
1.4.3.16	1
1.4.3.17	1
1.4.3.18	1
1.4.3.19	1
1.4.3.20	1
1.4.3.21	1
1.4.3.22	1
1.4.3.23	1
1.4.3.24	1
1.4.3.25	1
1.4.3.26	1
1.4.4.1	1
1.4.4.2	1
1.4.5.1	1
1.4.7.1	1
1.4.9.1	1
1.4.9.2	1
1.4.98.1	1
1.4.99.1	1
1.4.99.2	5
1.4.99.3	1
1.4.99.B3	1
1.4.99.4	1
1.4.99.B4	1
1.4.99.5	1
1.4.99.6	1
1.5.1.1	1
1.5.1.2	1
1.5.1.3	5
1.5.1.4	1
1.5.1.B5	1
1.5.1.5	0.5
1.5.1.6	1
1.5.1.7	1
1.5.1.8	1
1.5.1.9	1
1.5.1.10	1
1.5.1.11	1
1.5.1.12	1
1.5.1.13	1
1.5.1.14	1
1.5.1.15	1
1.5.1.16	1
1.5.1.17	1
1.5.1.18	1
1.5.1.19	1
1.5.1.20	1
1.5.1.21	1
1.5.1.22	1
1.5.1.23	1
1.5.1.24	1
1.5.1.25	1
1.5.1.26	1
1.5.1.27	1
1.5.1.28	1
1.5.1.29	1
1.5.1.30	1
1.5.1.31	1
1.5.1.32	1
1.5.1.33	1
1.5.1.34	1
1.5.1.35	1
1.5.1.36	1
1.5.1.37	1
1.5.1.38	1
1.5.1.39	1
1.5.1.40	1
1.5.1.41	1
1.5.1.42	1
1.5.1.43	1
1.5.1.44	1
1.5.1.45	1
1.5.1.46	1
1.5.1.47	1
1.5.1.48	1
1.5.1.49	1
1.5.1.50	1
1.5.1.51	1
1.5.1.52	1
1.5.3.1	5
1.5.3.2	1
1.5.3.3	1
1.5.3.4	1
1.5.3.5	1
1.5.3.6	1
1.5.3.7	1
1.5.3.8	1
1.5.3.9	1
1.5.3.10	1
1.5.3.11	1
1.5.3.12	1
1.5.3.13	1
1.5.3.14	1
1.5.3.15	1
1.5.3.16	1
1.5.3.17	1
1.5.3.18	1
1.5.3.19	1
1.5.3.20	1
1.5.3.21	1
1.5.3.22	1
1.5.3.23	1
1.5.4.1	1
1.5.5.1	1
1.5.5.2	1
1.5.5.3	1
1.5.7.1	1
1.5.7.2	1
1.5.8.1	1
1.5.8.2	1
1.5.8.3	1
1.5.8.4	1
1.5.98.1	1
1.5.98.2	1
1.5.98.3	1
1.5.99.1	1
1.5.99.2	1
1.5.99.B2	1
1.5.99.3	1
1.5.99.B4	1
1.5.99.4	1
1.5.99.5	1
1.5.99.6	1
1.5.99.7	1
1.5.99.8	1
1.5.99.9	1
1.5.99.10	1
1.5.99.11	1
1.5.99.12	1
1.5.99.13	1
1.5.99.14	1
1.5.99.15	1
1.6.1.1	1
1.6.1.2	1
1.6.1.3	1
1.6.1.4	1
1.6.1.5	1
1.6.2.1	1
1.6.2.2	1
1.6.2.3	1
1.6.2.4	1
1.6.2.5	1
1.6.2.6	1
1.6.3.1	1
1.6.3.2	1
1.6.3.3	0.5
1.6.3.4	1
1.6.3.5	1
1.6.4.1	1
1.6.4.2	1
1.6.4.3	1
1.6.4.4	1
1.6.4.5	1
1.6.4.6	1
1.6.4.7	1
1.6.4.8	1
1.6.4.9	1
1.6.4.10	1
1.6.5.1	1
1.6.5.2	1
1.6.5.3	1
1.6.5.4	1
1.6.5.5	1
1.6.5.6	1
1.6.5.7	1
1.6.5.8	1
1.6.5.9	1
1.6.5.10	1
1.6.5.11	1
1.6.5.12	1
1.6.6.1	1
1.6.6.2	1
1.6.6.3	1
1.6.6.4	1
1.6.6.5	1
1.6.6.6	1
1.6.6.7	1
1.6.6.8	1
1.6.6.9	1
1.6.6.10	1
1.6.6.11	1
1.6.6.12	1
1.6.6.13	1
1.6.7.1	1
1.6.7.2	1
1.6.8.1	1
1.6.8.2	1
1.6.99.1	1
1.6.99.2	1
1.6.99.3	1
1.6.99.4	1
1.6.99.5	1
1.6.99.6	1
1.6.99.7	1
1.6.99.8	1
1.6.99.9	1
1.6.99.10	1
1.6.99.11	1
1.6.99.12	1
1.6.99.13	1
1.7.1.1	5
1.7.1.B1	1
1.7.1.B2	1
1.7.1.2	1
1.7.1.B3	1
1.7.1.3	1
1.7.1.B4	1
1.7.1.4	1
1.7.1.5	1
1.7.1.6	5
1.7.1.7	1
1.7.1.8	1
1.7.1.9	1
1.7.1.10	1
1.7.1.11	1
1.7.1.12	1
1.7.1.13	1
1.7.1.14	1
1.7.1.15	1
1.7.1.16	1
1.7.1.17	1
1.7.2.1	1
1.7.2.2	1
1.7.2.3	1
1.7.2.4	1
1.7.2.5	1
1.7.2.6	1
1.7.2.7	1
1.7.2.8	1
1.7.3.1	1
1.7.3.2	1
1.7.3.3	1
1.7.3.4	1
1.7.3.5	1
1.7.3.6	1
1.7.5.1	1
1.7.5.2	1
1.7.6.1	1
1.7.7.1	1
1.7.7.2	1
1.7.99.1	1
1.7.99.2	1
1.7.99.3	1
1.7.99.4	1
1.7.99.5	1
1.7.99.6	1
1.7.99.7	1
1.7.99.8	1
1.8.1.1	1
1.8.1.B1	1
1.8.1.2	1
1.8.1.3	1
1.8.1.4	0.5
1.8.1.B4	1
1.8.1.5	1
1.8.1.B5	1
1.8.1.6	1
1.8.1.7	1
1.8.1.8	1
1.8.1.9	0.5
1.8.1.10	1
1.8.1.11	1
1.8.1.12	1
1.8.1.13	1
1.8.1.14	1
1.8.1.15	1
1.8.1.16	1
1.8.1.17	1
1.8.1.18	1
1.8.1.19	1
1.8.1.20	1
1.8.1.21	1
1.8.2.1	1
1.8.2.2	1
1.8.2.3	1
1.8.2.4	1
1.8.2.5	1
1.8.2.6	1
1.8.2.7	1
1.8.3.1	1
1.8.3.B2	1
1.8.3.2	1
1.8.3.3	1
1.8.3.4	1
1.8.3.5	1
1.8.3.6	1
1.8.3.7	1
1.8.4.1	1
1.8.4.2	1
1.8.4.3	1
1.8.4.B3	1
1.8.4.4	1
1.8.4.5	1
1.8.4.6	1
1.8.4.7	1
1.8.4.8	1
1.8.4.9	1
1.8.4.10	1
1.8.4.11	0.5
1.8.4.12	0.5
1.8.4.13	1
1.8.4.14	1
1.8.4.15	1
1.8.4.16	1
1.8.5.1	1
1.8.5.B1	1
1.8.5.2	1
1.8.5.3	1
1.8.5.4	1
1.8.5.5	1
1.8.5.6	1
1.8.5.7	1
1.8.5.8	1
1.8.5.9	1
1.8.6.1	1
1.8.7.1	1
1.8.7.2	1
1.8.7.3	1
1.8.98.1	1
1.8.98.2	1
1.8.98.3	1
1.8.98.4	1
1.8.98.5	1
1.8.98.6	1
1.8.98.7	1
1.8.99.B1	1
1.8.99.1	1
1.8.99.2	1
1.8.99.B2	1
1.8.99.3	1
1.8.99.4	1
1.8.99.5	1
1.9.3.1	1
1.9.3.2	1
1.9.6.1	1
1.9.98.1	1
1.9.99.1	1
1.10.1.1	1
1.10.2.1	1
1.10.2.2	1
1.10.3.1	1
1.10.3.2	5
1.10.3.3	1
1.10.3.4	1
1.10.3.5	1
1.10.3.6	1
1.10.3.7	1
1.10.3.8	1
1.10.3.9	1
1.10.3.10	1
1.10.3.11	1
1.10.3.12	1
1.10.3.13	1
1.10.3.14	1
1.10.3.15	1
1.10.3.16	1
1.10.3.17	1
1.10.5.1	1
1.10.9.1	1
1.10.99.1	1
1.10.99.2	1
1.10.99.3	1
1.11.1.1	1
1.11.1.B2	1
1.11.1.2	1
1.11.1.3	1
1.11.1.4	1
1.11.1.5	1
1.11.1.6	5
1.11.1.B6	1
1.11.1.B7	1
1.11.1.7	1
1.11.1.B8	1
1.11.1.8	1
1.11.1.9	1
1.11.1.10	1
1.11.1.B10	1
1.11.1.11	1
1.11.1.12	1
1.11.1.13	1
1.11.1.14	1
1.11.1.15	1
1.11.1.16	1
1.11.1.17	1
1.11.1.18	1
1.11.1.19	1
1.11.1.20	1
1.11.1.21	1
1.11.1.22	1
1.11.1.23	1
1.11.1.24	1
1.11.1.25	1
1.11.1.26	1
1.11.1.27	1
1.11.1.28	1
1.11.1.29	1
1.11.2.1	1
1.11.2.2	1
1.11.2.3	1
1.11.2.4	1
1.11.2.5	1
1.11.2.6	1
1.12.1.1	1
1.12.1.2	1
1.12.1.3	1
1.12.1.4	1
1.12.1.5	1
1.12.2.1	5
1.12.5.1	1
1.12.7.1	1
1.12.7.2	1
1.12.98.1	1
1.12.98.B1	1
1.12.98.2	1
1.12.98.3	1
1.12.98.4	1
1.12.99.1	1
1.12.99.2	1
1.12.99.3	1
1.12.99.4	1
1.12.99.5	1
1.12.99.6	1
1.13.11.B1	1
1.13.11.1	1
1.13.11.2	1
1.13.11.3	5
1.13.11.4	1
1.13.11.5	1
1.13.11.6	1
1.13.11.B6	1
1.13.11.7	1
1.13.11.8	5
1.13.11.9	1
1.13.11.10	1
1.13.11.11	1
1.13.11.12	1
1.13.11.13	1
1.13.11.14	1
1.13.11.15	1
1.13.11.16	1
1.13.11.17	1
1.13.11.18	1
1.13.11.19	1
1.13.11.20	1
1.13.11.21	1
1.13.11.22	1
1.13.11.23	1
1.13.11.24	1
1.13.11.25	1
1.13.11.26	1
1.13.11.27	1
1.13.11.28	1
1.13.11.29	1
1.13.11.30	1
1.13.11.31	1
1.13.11.32	1
1.13.11.33	1
1.13.11.34	1
1.13.11.35	1
1.13.11.36	1
1.13.11.37	1
1.13.11.38	5
1.13.11.39	5
1.13.11.40	1
1.13.11.41	1
1.13.11.42	1
1.13.11.43	1
1.13.11.44	1
1.13.11.45	1
1.13.11.46	1
1.13.11.47	1
1.13.11.48	1
1.13.11.49	1
1.13.11.50	1
1.13.11.51	1
1.13.11.52	1
1.13.11.53	1
1.13.11.54	1
1.13.11.55	1
1.13.11.56	1
1.13.11.57	1
1.13.11.58	1
1.13.11.59	1
1.13.11.60	1
1.13.11.61	1
1.13.11.62	1
1.13.11.63	1
1.13.11.64	1
1.13.11.65	1
1.13.11.66	1
1.13.11.67	1
1.13.11.68	1
1.13.11.69	1
1.13.11.70	1
1.13.11.71	1
1.13.11.72	1
1.13.11.73	1
1.13.11.74	1
1.13.11.75	1
1.13.11.76	1
1.13.11.77	1
1.13.11.78	1
1.13.11.79	1
1.13.11.80	1
1.13.11.81	1
1.13.11.82	1
1.13.11.83	1
1.13.11.84	1
1.13.11.85	1
1.13.11.86	1
1.13.11.87	1
1.13.11.88	1
1.13.11.89	1
1.13.11.90	1
1.13.11.91	1
1.13.12.1	1
1.13.12.2	1
1.13.12.3	1
1.13.12.4	1
1.13.12.5	1
1.13.12.6	1
1.13.12.7	1
1.13.12.8	1
1.13.12.9	1
1.13.12.10	1
1.13.12.11	1
1.13.12.12	1
1.13.12.13	1
1.13.12.14	1
1.13.12.15	1
1.13.12.16	1
1.13.12.17	1
1.13.12.18	1
1.13.12.19	1
1.13.12.20	1
1.13.12.21	1
1.13.12.22	1
1.13.12.23	1
1.13.12.24	1
1.13.99.B1	1
1.13.99.1	1
1.13.99.2	1
1.13.99.3	1
1.13.99.4	1
1.13.99.5	1
1.14.11.1	1
1.14.11.2	1
1.14.11.B3	1
1.14.11.3	1
1.14.11.4	1
1.14.11.5	1
1.14.11.6	1
1.14.11.7	1
1.14.11.8	1
1.14.11.9	1
1.14.11.10	1
1.14.11.11	1
1.14.11.12	1
1.14.11.13	1
1.14.11.14	1
1.14.11.15	1
1.14.11.B15	1
1.14.11.B16	1
1.14.11.16	1
1.14.11.B17	1
1.14.11.17	1
1.14.11.B18	1
1.14.11.18	1
1.14.11.19	1
1.14.11.B19	1
1.14.11.20	1
1.14.11.21	1
1.14.11.22	1
1.14.11.23	1
1.14.11.24	1
1.14.11.25	1
1.14.11.26	1
1.14.11.27	1
1.14.11.28	1
1.14.11.29	1
1.14.11.30	1
1.14.11.31	1
1.14.11.32	1
1.14.11.33	1
1.14.11.34	1
1.14.11.35	1
1.14.11.36	1
1.14.11.37	1
1.14.11.38	1
1.14.11.39	1
1.14.11.40	1
1.14.11.41	1
1.14.11.42	1
1.14.11.43	1
1.14.11.44	1
1.14.11.45	1
1.14.11.46	1
1.14.11.47	1
1.14.11.48	1
1.14.11.49	1
1.14.11.50	1
1.14.11.51	1
1.14.11.52	1
1.14.11.53	1
1.14.11.54	1
1.14.11.55	1
1.14.11.56	1
1.14.11.57	1
1.14.11.58	1
1.14.11.59	1
1.14.11.60	1
1.14.11.61	1
1.14.11.62	1
1.14.11.63	1
1.14.11.64	1
1.14.11.65	1
1.14.11.66	1
1.14.11.67	1
1.14.11.68	1
1.14.11.69	1
1.14.11.70	1
1.14.11.71	1
1.14.11.72	1
1.14.11.73	1
1.14.11.74	1
1.14.11.75	1
1.14.11.76	1
1.14.12.1	1
1.14.12.2	1
1.14.12.3	1
1.14.12.4	1
1.14.12.5	1
1.14.12.6	1
1.14.12.7	5
1.14.12.8	1
1.14.12.9	1
1.14.12.10	1
1.14.12.11	1
1.14.12.12	5
1.14.12.13	1
1.14.12.14	1
1.14.12.15	5
1.14.12.16	1
1.14.12.17	1
1.14.12.18	1
1.14.12.19	1
1.14.12.20	1
1.14.12.21	1
1.14.12.22	1
1.14.12.23	1
1.14.12.24	1
1.14.12.25	1
1.14.12.26	1
1.14.13.B1	1
1.14.13.1	5
1.14.13.2	1
1.14.13.3	1
1.14.13.4	1
1.14.13.5	1
1.14.13.6	1
1.14.13.7	1
1.14.13.8	1
1.14.13.9	1
1.14.13.10	1
1.14.13.11	1
1.14.13.12	1
1.14.13.13	1
1.14.13.14	1
1.14.13.B14	1
1.14.13.15	1
1.14.13.16	1
1.14.13.17	1
1.14.13.18	1
1.14.13.19	1
1.14.13.20	1
1.14.13.21	1
1.14.13.22	1
1.14.13.23	5
1.14.13.24	1
1.14.13.25	5
1.14.13.26	1
1.14.13.27	1
1.14.13.28	1
1.14.13.B28	1
1.14.13.29	1
1.14.13.30	1
1.14.13.B30	1
1.14.13.31	1
1.14.13.32	1
1.14.13.33	1
1.14.13.34	1
1.14.13.35	1
1.14.13.36	1
1.14.13.37	1
1.14.13.38	1
1.14.13.39	1
1.14.13.40	1
1.14.13.41	1
1.14.13.42	1
1.14.13.43	1
1.14.13.44	1
1.14.13.45	1
1.14.13.46	1
1.14.13.47	1
1.14.13.48	1
1.14.13.49	1
1.14.13.50	1
1.14.13.51	1
1.14.13.52	1
1.14.13.53	1
1.14.13.54	1
1.14.13.55	1
1.14.13.56	1
1.14.13.57	1
1.14.13.58	1
1.14.13.59	1
1.14.13.60	1
1.14.13.61	1
1.14.13.62	1
1.14.13.63	1
1.14.13.64	1
1.14.13.65	1
1.14.13.66	1
1.14.13.67	1
1.14.13.68	1
1.14.13.69	1
1.14.13.70	1
1.14.13.71	1
1.14.13.72	1
1.14.13.73	1
1.14.13.74	1
1.14.13.75	1
1.14.13.76	1
1.14.13.77	1
1.14.13.78	1
1.14.13.79	1
1.14.13.80	1
1.14.13.81	1
1.14.13.82	1
1.14.13.83	1
1.14.13.84	1
1.14.13.85	1
1.14.13.86	1
1.14.13.87	1
1.14.13.88	1
1.14.13.89	1
1.14.13.90	1
1.14.13.91	1
1.14.13.92	1
1.14.13.93	1
1.14.13.94	1
1.14.13.95	1
1.14.13.96	1
1.14.13.97	1
1.14.13.98	1
1.14.13.99	1
1.14.13.100	1
1.14.13.101	1
1.14.13.102	1
1.14.13.103	1
1.14.13.104	1
1.14.13.105	1
1.14.13.106	1
1.14.13.107	1
1.14.13.108	1
1.14.13.109	1
1.14.13.110	1
1.14.13.111	1
1.14.13.112	1
1.14.13.113	1
1.14.13.114	1
1.14.13.115	1
1.14.13.116	1
1.14.13.117	1
1.14.13.118	1
1.14.13.119	1
1.14.13.120	1
1.14.13.121	1
1.14.13.122	1
1.14.13.123	1
1.14.13.124	1
1.14.13.125	1
1.14.13.126	1
1.14.13.127	1
1.14.13.128	1
1.14.13.129	1
1.14.13.130	1
1.14.13.131	1
1.14.13.132	1
1.14.13.133	1
1.14.13.134	1
1.14.13.135	1
1.14.13.136	1
1.14.13.137	1
1.14.13.138	1
1.14.13.139	1
1.14.13.140	1
1.14.13.141	1
1.14.13.142	1
1.14.13.143	1
1.14.13.144	1
1.14.13.145	1
1.14.13.146	1
1.14.13.147	1
1.14.13.148	1
1.14.13.149	1
1.14.13.150	1
1.14.13.151	1
1.14.13.152	1
1.14.13.153	1
1.14.13.154	1
1.14.13.155	1
1.14.13.156	1
1.14.13.157	1
1.14.13.158	1
1.14.13.159	1
1.14.13.160	1
1.14.13.161	1
1.14.13.162	1
1.14.13.163	1
1.14.13.166	1
1.14.13.167	1
1.14.13.168	1
1.14.13.169	1
1.14.13.170	1
1.14.13.171	1
1.14.13.172	1
1.14.13.173	1
1.14.13.174	1
1.14.13.175	1
1.14.13.176	1
1.14.13.177	1
1.14.13.178	1
1.14.13.179	1
1.14.13.180	1
1.14.13.181	1
1.14.13.182	1
1.14.13.183	1
1.14.13.184	1
1.14.13.185	1
1.14.13.186	1
1.14.13.187	1
1.14.13.188	1
1.14.13.189	1
1.14.13.190	1
1.14.13.191	1
1.14.13.192	1
1.14.13.193	1
1.14.13.194	1
1.14.13.195	1
1.14.13.196	1
1.14.13.197	1
1.14.13.198	1
1.14.13.199	1
1.14.13.200	1
1.14.13.201	1
1.14.13.202	1
1.14.13.203	1
1.14.13.204	1
1.14.13.205	1
1.14.13.206	1
1.14.13.207	1
1.14.13.208	1
1.14.13.209	1
1.14.13.210	1
1.14.13.211	1
1.14.13.212	1
1.14.13.213	1
1.14.13.214	1
1.14.13.215	1
1.14.13.216	1
1.14.13.217	1
1.14.13.218	1
1.14.13.219	1
1.14.13.220	1
1.14.13.221	1
1.14.13.222	1
1.14.13.223	1
1.14.13.224	1
1.14.13.225	1
1.14.13.226	1
1.14.13.227	1
1.14.13.228	1
1.14.13.229	1
1.14.13.230	1
1.14.13.231	1
1.14.13.232	1
1.14.13.233	1
1.14.13.234	1
1.14.13.235	1
1.14.13.236	1
1.14.13.237	1
1.14.13.238	1
1.14.13.239	1
1.14.13.240	1
1.14.13.241	1
1.14.13.242	1
1.14.13.243	1
1.14.13.244	1
1.14.13.245	1
1.14.13.246	1
1.14.13.247	1
1.14.14.1	1
1.14.14.2	1
1.14.14.3	1
1.14.14.4	1
1.14.14.5	1
1.14.14.6	1
1.14.14.7	1
1.14.14.8	1
1.14.14.9	1
1.14.14.B9	1
1.14.14.B10	1
1.14.14.10	1
1.14.14.B11	1
1.14.14.11	1
1.14.14.12	1
1.14.14.13	1
1.14.14.B13	1
1.14.14.14	1
1.14.14.15	1
1.14.14.16	1
1.14.14.17	1
1.14.14.18	1
1.14.14.19	1
1.14.14.20	1
1.14.14.21	1
1.14.14.22	1
1.14.14.23	1
1.14.14.24	1
1.14.14.25	1
1.14.14.26	1
1.14.14.27	1
1.14.14.28	1
1.14.14.29	1
1.14.14.30	1
1.14.14.31	1
1.14.14.32	1
1.14.14.33	1
1.14.14.34	1
1.14.14.35	1
1.14.14.36	1
1.14.14.37	1
1.14.14.38	1
1.14.14.39	1
1.14.14.40	1
1.14.14.41	1
1.14.14.42	1
1.14.14.43	1
1.14.14.44	1
1.14.14.45	1
1.14.14.46	1
1.14.14.47	1
1.14.14.48	1
1.14.14.49	1
1.14.14.50	1
1.14.14.51	1
1.14.14.52	1
1.14.14.53	1
1.14.14.54	1
1.14.14.55	1
1.14.14.56	1
1.14.14.57	1
1.14.14.58	1
1.14.14.59	1
1.14.14.60	1
1.14.14.61	1
1.14.14.62	1
1.14.14.63	1
1.14.14.64	1
1.14.14.65	1
1.14.14.66	1
1.14.14.67	1
1.14.14.68	1
1.14.14.69	1
1.14.14.70	1
1.14.14.71	1
1.14.14.72	1
1.14.14.73	1
1.14.14.74	1
1.14.14.75	1
1.14.14.76	1
1.14.14.77	1
1.14.14.78	1
1.14.14.79	1
1.14.14.80	1
1.14.14.81	1
1.14.14.82	1
1.14.14.83	1
1.14.14.84	1
1.14.14.85	1
1.14.14.86	1
1.14.14.87	1
1.14.14.88	1
1.14.14.89	1
1.14.14.90	1
1.14.14.91	1
1.14.14.92	1
1.14.14.93	1
1.14.14.94	1
1.14.14.95	1
1.14.14.96	1
1.14.14.97	1
1.14.14.98	1
1.14.14.99	1
1.14.14.100	1
1.14.14.101	1
1.14.14.102	1
1.14.14.103	1
1.14.14.104	1
1.14.14.105	1
1.14.14.106	1
1.14.14.107	1
1.14.14.108	1
1.14.14.109	1
1.14.14.110	1
1.14.14.111	1
1.14.14.112	1
1.14.14.113	1
1.14.14.114	1
1.14.14.115	1
1.14.14.116	1
1.14.14.117	1
1.14.14.118	1
1.14.14.119	1
1.14.14.120	1
1.14.14.121	1
1.14.14.122	1
1.14.14.123	1
1.14.14.124	1
1.14.14.125	1
1.14.14.126	1
1.14.14.127	1
1.14.14.128	1
1.14.14.129	1
1.14.14.130	1
1.14.14.131	1
1.14.14.132	1
1.14.14.133	1
1.14.14.134	1
1.14.14.135	1
1.14.14.136	1
1.14.14.137	1
1.14.14.138	1
1.14.14.139	1
1.14.14.140	1
1.14.14.141	1
1.14.14.142	1
1.14.14.143	1
1.14.14.144	1
1.14.14.145	1
1.14.14.146	1
1.14.14.147	1
1.14.14.148	1
1.14.14.149	1
1.14.14.150	1
1.14.14.151	1
1.14.14.152	1
1.14.14.153	1
1.14.14.154	1
1.14.14.155	1
1.14.14.156	1
1.14.14.157	1
1.14.14.158	1
1.14.14.159	1
1.14.14.160	1
1.14.14.161	1
1.14.14.162	1
1.14.14.163	1
1.14.14.164	1
1.14.14.165	1
1.14.14.166	1
1.14.14.167	1
1.14.14.168	1
1.14.14.169	1
1.14.14.170	1
1.14.14.171	1
1.14.14.172	1
1.14.14.173	1
1.14.14.174	1
1.14.14.175	1
1.14.14.176	1
1.14.15.1	1
1.14.15.2	1
1.14.15.3	1
1.14.15.4	1
1.14.15.5	1
1.14.15.6	1
1.14.15.7	1
1.14.15.8	1
1.14.15.9	1
1.14.15.10	1
1.14.15.11	1
1.14.15.12	1
1.14.15.13	1
1.14.15.14	1
1.14.15.15	1
1.14.15.16	1
1.14.15.17	1
1.14.15.18	1
1.14.15.19	1
1.14.15.20	1
1.14.15.21	1
1.14.15.22	1
1.14.15.23	1
1.14.15.24	1
1.14.15.25	1
1.14.15.26	1
1.14.15.27	1
1.14.15.28	1
1.14.15.29	1
1.14.15.30	1
1.14.15.31	1
1.14.15.32	1
1.14.15.33	1
1.14.15.34	1
1.14.15.35	1
1.14.15.36	1
1.14.15.37	1
1.14.15.38	1
1.14.16.1	1
1.14.16.2	1
1.14.16.3	1
1.14.16.4	1
1.14.16.5	1
1.14.16.6	1
1.14.16.7	1
1.14.17.1	1
1.14.17.B1	1
1.14.17.2	1
1.14.17.3	1
1.14.17.4	1
1.14.18.B1	1
1.14.18.1	1
1.14.18.2	1
1.14.18.3	1
1.14.18.4	1
1.14.18.5	1
1.14.18.6	1
1.14.18.7	1
1.14.18.8	1
1.14.18.9	1
1.14.18.10	1
1.14.18.11	1
1.14.18.12	1
1.14.19.1	1
1.14.19.2	1
1.14.19.3	1
1.14.19.4	1
1.14.19.5	1
1.14.19.6	1
1.14.19.7	1
1.14.19.8	1
1.14.19.B8	1
1.14.19.B9	1
1.14.19.9	1
1.14.19.10	1
1.14.19.B10	1
1.14.19.11	1
1.14.19.12	1
1.14.19.13	1
1.14.19.14	1
1.14.19.15	1
1.14.19.16	1
1.14.19.17	1
1.14.19.18	1
1.14.19.19	1
1.14.19.20	1
1.14.19.21	1
1.14.19.22	1
1.14.19.23	1
1.14.19.24	1
1.14.19.25	1
1.14.19.26	1
1.14.19.27	1
1.14.19.28	1
1.14.19.29	1
1.14.19.30	1
1.14.19.31	1
1.14.19.32	1
1.14.19.33	1
1.14.19.34	1
1.14.19.35	1
1.14.19.36	1
1.14.19.37	1
1.14.19.38	1
1.14.19.39	1
1.14.19.40	1
1.14.19.41	1
1.14.19.42	1
1.14.19.43	1
1.14.19.44	1
1.14.19.45	1
1.14.19.46	1
1.14.19.47	1
1.14.19.48	1
1.14.19.49	1
1.14.19.50	1
1.14.19.51	1
1.14.19.52	1
1.14.19.53	1
1.14.19.54	1
1.14.19.55	1
1.14.19.56	1
1.14.19.57	1
1.14.19.58	1
1.14.19.59	1
1.14.19.60	1
1.14.19.61	1
1.14.19.62	1
1.14.19.63	1
1.14.19.64	1
1.14.19.65	1
1.14.19.66	1
1.14.19.67	1
1.14.19.68	1
1.14.19.69	1
1.14.19.70	1
1.14.19.71	1
1.14.19.72	1
1.14.19.73	1
1.14.19.74	1
1.14.19.75	1
1.14.19.76	1
1.14.19.77	1
1.14.20.1	1
1.14.20.2	1
1.14.20.3	1
1.14.20.4	1
1.14.20.5	1
1.14.20.6	1
1.14.20.7	1
1.14.20.8	1
1.14.20.9	1
1.14.20.10	1
1.14.20.11	1
1.14.20.12	1
1.14.20.13	1
1.14.20.14	1
1.14.20.15	1
1.14.21.B1	1
1.14.21.1	1
1.14.21.2	1
1.14.21.3	1
1.14.21.4	1
1.14.21.5	1
1.14.21.6	1
1.14.21.7	1
1.14.21.8	1
1.14.21.9	1
1.14.21.10	1
1.14.21.11	1
1.14.21.12	1
1.14.99.B1	1
1.14.99.1	1
1.14.99.2	1
1.14.99.3	1
1.14.99.B4	1
1.14.99.4	1
1.14.99.B5	1
1.14.99.5	1
1.14.99.6	1
1.14.99.7	1
1.14.99.8	1
1.14.99.9	1
1.14.99.B10	1
1.14.99.10	1
1.14.99.11	1
1.14.99.12	1
1.14.99.13	1
1.14.99.14	1
1.14.99.15	1
1.14.99.16	1
1.14.99.17	1
1.14.99.18	1
1.14.99.19	1
1.14.99.20	1
1.14.99.21	1
1.14.99.22	1
1.14.99.23	1
1.14.99.24	1
1.14.99.25	1
1.14.99.26	1
1.14.99.27	1
1.14.99.28	1
1.14.99.29	1
1.14.99.30	1
1.14.99.31	1
1.14.99.32	1
1.14.99.33	1
1.14.99.34	1
1.14.99.35	1
1.14.99.36	1
1.14.99.37	1
1.14.99.38	1
1.14.99.39	1
1.14.99.40	1
1.14.99.41	1
1.14.99.42	1
1.14.99.43	1
1.14.99.44	1
1.14.99.45	1
1.14.99.46	1
1.14.99.47	1
1.14.99.48	1
1.14.99.49	1
1.14.99.50	1
1.14.99.51	1
1.14.99.52	1
1.14.99.53	1
1.14.99.54	1
1.14.99.55	1
1.14.99.56	1
1.14.99.57	1
1.14.99.58	1
1.14.99.59	1
1.14.99.60	1
1.14.99.61	1
1.14.99.62	1
1.14.99.63	1
1.14.99.64	1
1.14.99.65	1
1.14.99.66	1
1.14.99.67	1
1.14.99.68	1
1.14.99.69	1
1.15.1.1	5
1.15.1.2	1
1.16.1.1	1
1.16.1.2	1
1.16.1.3	1
1.16.1.4	1
1.16.1.5	1
1.16.1.6	1
1.16.1.7	1
1.16.1.8	1
1.16.1.9	1
1.16.1.10	1
1.16.3.1	1
1.16.3.2	1
1.16.3.3	1
1.16.5.1	1
1.16.8.1	1
1.16.9.1	1
1.16.98.1	1
1.17.1.1	1
1.17.1.2	1
1.17.1.3	1
1.17.1.4	1
1.17.1.5	5
1.17.1.6	1
1.17.1.7	1
1.17.1.8	1
1.17.1.9	5
1.17.1.10	1
1.17.1.11	1
1.17.2.1	1
1.17.2.2	1
1.17.2.3	1
1.17.3.1	1
1.17.3.2	1
1.17.3.3	1
1.17.3.4	1
1.17.4.1	5
1.17.4.2	1
1.17.4.3	1
1.17.4.4	1
1.17.4.5	1
1.17.5.1	1
1.17.5.2	1
1.17.5.B2	1
1.17.5.3	1
1.17.7.1	1
1.17.7.2	1
1.17.7.3	1
1.17.7.4	1
1.17.8.1	1
1.17.9.1	1
1.17.9.2	1
1.17.98.1	1
1.17.98.2	1
1.17.98.3	1
1.17.98.4	1
1.17.99.1	1
1.17.99.2	1
1.17.99.3	1
1.17.99.4	1
1.17.99.5	1
1.17.99.6	1
1.17.99.7	1
1.17.99.8	1
1.17.99.9	1
1.17.99.10	1
1.17.99.11	1
1.18.1.1	1
1.18.1.2	1
1.18.1.3	1
1.18.1.4	1
1.18.1.5	1
1.18.1.6	1
1.18.1.7	1
1.18.1.8	1
1.18.3.1	1
1.18.6.1	5
1.18.6.2	1
1.18.96.1	1
1.18.99.1	1
1.19.1.1	1
1.19.6.1	1
1.20.1.1	1
1.20.2.1	1
1.20.4.1	1
1.20.4.2	1
1.20.4.3	1
1.20.4.4	1
1.20.9.1	1
1.20.98.1	1
1.20.99.1	1
1.21.1.1	1
1.21.1.2	1
1.21.3.1	1
1.21.3.2	1
1.21.3.3	1
1.21.3.4	1
1.21.3.5	1
1.21.3.6	1
1.21.3.7	1
1.21.3.8	1
1.21.3.9	1
1.21.4.1	1
1.21.4.2	1
1.21.4.3	1
1.21.4.4	1
1.21.4.5	1
1.21.98.1	1
1.21.98.2	1
1.21.98.3	1
1.21.98.4	1
1.21.99.1	1
1.21.99.2	1
1.21.99.3	1
1.21.99.4	1
1.21.99.5	1
1.22.1.1	1
1.23.1.1	1
1.23.1.2	1
1.23.1.3	1
1.23.1.4	1
1.23.5.1	1
1.97.1.1	1
1.97.1.2	1
1.97.1.3	1
1.97.1.4	1
1.97.1.5	1
1.97.1.6	1
1.97.1.7	1
1.97.1.8	1
1.97.1.9	1
1.97.1.10	1
1.97.1.11	1
1.97.1.12	1
2.1.1.1	1
2.1.1.2	1
2.1.1.B3	1
2.1.1.3	1
2.1.1.4	1
2.1.1.5	1
2.1.1.6	1
2.1.1.7	1
2.1.1.8	1
2.1.1.9	1
2.1.1.10	1
2.1.1.11	1
2.1.1.12	1
2.1.1.13	1
2.1.1.14	1
2.1.1.15	1
2.1.1.16	1
2.1.1.17	1
2.1.1.18	1
2.1.1.19	1
2.1.1.20	1
2.1.1.21	1
2.1.1.22	1
2.1.1.23	1
2.1.1.24	1
2.1.1.25	1
2.1.1.26	1
2.1.1.27	1
2.1.1.28	1
2.1.1.29	1
2.1.1.30	1
2.1.1.31	1
2.1.1.32	1
2.1.1.33	0.5
2.1.1.34	1
2.1.1.35	1
2.1.1.36	1
2.1.1.37	1
2.1.1.38	1
2.1.1.39	1
2.1.1.40	1
2.1.1.41	1
2.1.1.42	1
2.1.1.43	1
2.1.1.B43	1
2.1.1.44	1
2.1.1.45	5
2.1.1.46	1
2.1.1.47	1
2.1.1.48	1
2.1.1.49	1
2.1.1.50	1
2.1.1.51	1
2.1.1.52	1
2.1.1.53	1
2.1.1.54	1
2.1.1.55	1
2.1.1.56	1
2.1.1.57	1
2.1.1.58	1
2.1.1.59	1
2.1.1.60	1
2.1.1.61	1
2.1.1.62	1
2.1.1.63	1
2.1.1.64	1
2.1.1.65	1
2.1.1.66	1
2.1.1.67	1
2.1.1.68	1
2.1.1.69	1
2.1.1.70	1
2.1.1.71	1
2.1.1.72	5
2.1.1.73	1
2.1.1.B74	1
2.1.1.74	1
2.1.1.75	1
2.1.1.B75	1
2.1.1.B76	1
2.1.1.76	1
2.1.1.77	1
2.1.1.78	1
2.1.1.79	1
2.1.1.80	1
2.1.1.81	1
2.1.1.82	1
2.1.1.83	1
2.1.1.B83	1
2.1.1.B84	1
2.1.1.84	1
2.1.1.B85	1
2.1.1.85	1
2.1.1.86	1
2.1.1.87	1
2.1.1.88	1
2.1.1.89	1
2.1.1.90	1
2.1.1.91	1
2.1.1.92	1
2.1.1.93	1
2.1.1.94	1
2.1.1.95	1
2.1.1.96	1
2.1.1.97	1
2.1.1.98	1
2.1.1.99	1
2.1.1.100	1
2.1.1.101	1
2.1.1.102	1
2.1.1.103	1
2.1.1.104	1
2.1.1.105	1
2.1.1.106	1
2.1.1.107	1
2.1.1.108	1
2.1.1.109	1
2.1.1.B109	1
2.1.1.110	1
2.1.1.111	1
2.1.1.B112	1
2.1.1.112	1
2.1.1.113	1
2.1.1.B113	1
2.1.1.B114	1
2.1.1.114	1
2.1.1.115	1
2.1.1.116	1
2.1.1.117	1
2.1.1.B117	1
2.1.1.118	1
2.1.1.B118	1
2.1.1.119	1
2.1.1.B119	1
2.1.1.120	1
2.1.1.B120	1
2.1.1.121	1
2.1.1.B121	1
2.1.1.122	1
2.1.1.B122	1
2.1.1.B123	1
2.1.1.123	1
2.1.1.B124	1
2.1.1.124	1
2.1.1.B125	1
2.1.1.125	1
2.1.1.B126	1
2.1.1.126	1
2.1.1.B127	1
2.1.1.127	1
2.1.1.128	1
2.1.1.B128	1
2.1.1.129	1
2.1.1.130	1
2.1.1.B130	1
2.1.1.131	1
2.1.1.132	1
2.1.1.133	1
2.1.1.134	1
2.1.1.135	1
2.1.1.136	1
2.1.1.137	1
2.1.1.138	1
2.1.1.139	1
2.1.1.140	1
2.1.1.141	1
2.1.1.142	1
2.1.1.143	1
2.1.1.144	1
2.1.1.145	1
2.1.1.146	1
2.1.1.147	1
2.1.1.148	0.5
2.1.1.149	1
2.1.1.150	1
2.1.1.151	1
2.1.1.152	1
2.1.1.153	1
2.1.1.154	1
2.1.1.155	1
2.1.1.156	1
2.1.1.157	1
2.1.1.158	1
2.1.1.159	1
2.1.1.160	1
2.1.1.161	1
2.1.1.162	1
2.1.1.163	1
2.1.1.164	1
2.1.1.165	1
2.1.1.166	1
2.1.1.167	1
2.1.1.168	1
2.1.1.169	1
2.1.1.170	0.5
2.1.1.171	1
2.1.1.172	1
2.1.1.173	1
2.1.1.174	1
2.1.1.175	1
2.1.1.176	1
2.1.1.177	1
2.1.1.178	1
2.1.1.179	1
2.1.1.180	1
2.1.1.181	1
2.1.1.182	1
2.1.1.183	1
2.1.1.184	1
2.1.1.185	1
2.1.1.186	1
2.1.1.187	1
2.1.1.188	1
2.1.1.189	1
2.1.1.190	1
2.1.1.191	1
2.1.1.192	1
2.1.1.193	1
2.1.1.194	1
2.1.1.195	1
2.1.1.196	1
2.1.1.197	1
2.1.1.198	1
2.1.1.199	1
2.1.1.200	1
2.1.1.201	1
2.1.1.202	1
2.1.1.203	1
2.1.1.204	1
2.1.1.205	1
2.1.1.206	1
2.1.1.207	1
2.1.1.208	1
2.1.1.209	1
2.1.1.210	1
2.1.1.211	1
2.1.1.212	1
2.1.1.213	1
2.1.1.214	1
2.1.1.215	1
2.1.1.216	1
2.1.1.217	1
2.1.1.218	1
2.1.1.219	1
2.1.1.220	1
2.1.1.221	1
2.1.1.222	1
2.1.1.223	1
2.1.1.224	5
2.1.1.225	1
2.1.1.226	1
2.1.1.227	1
2.1.1.228	0.5
2.1.1.229	1
2.1.1.230	1
2.1.1.231	1
2.1.1.232	1
2.1.1.233	1
2.1.1.234	1
2.1.1.235	1
2.1.1.236	1
2.1.1.237	1
2.1.1.238	1
2.1.1.239	1
2.1.1.240	1
2.1.1.241	1
2.1.1.242	1
2.1.1.243	1
2.1.1.244	1
2.1.1.245	1
2.1.1.246	1
2.1.1.247	1
2.1.1.248	1
2.1.1.249	1
2.1.1.250	1
2.1.1.251	1
2.1.1.252	1
2.1.1.253	1
2.1.1.254	1
2.1.1.255	1
2.1.1.256	1
2.1.1.257	1
2.1.1.258	1
2.1.1.259	1
2.1.1.260	1
2.1.1.261	1
2.1.1.262	1
2.1.1.263	1
2.1.1.264	1
2.1.1.265	1
2.1.1.266	1
2.1.1.267	1
2.1.1.268	1
2.1.1.269	1
2.1.1.270	1
2.1.1.271	1
2.1.1.272	1
2.1.1.273	1
2.1.1.274	1
2.1.1.275	1
2.1.1.276	1
2.1.1.277	1
2.1.1.278	1
2.1.1.279	1
2.1.1.280	1
2.1.1.281	1
2.1.1.282	1
2.1.1.283	1
2.1.1.284	1
2.1.1.285	1
2.1.1.286	1
2.1.1.287	1
2.1.1.288	1
2.1.1.289	1
2.1.1.290	1
2.1.1.291	1
2.1.1.292	1
2.1.1.293	1
2.1.1.294	1
2.1.1.295	1
2.1.1.296	1
2.1.1.297	1
2.1.1.298	1
2.1.1.299	1
2.1.1.300	1
2.1.1.301	1
2.1.1.302	1
2.1.1.303	1
2.1.1.304	1
2.1.1.305	1
2.1.1.306	1
2.1.1.307	1
2.1.1.308	1
2.1.1.309	1
2.1.1.310	1
2.1.1.311	1
2.1.1.312	1
2.1.1.313	1
2.1.1.314	1
2.1.1.315	1
2.1.1.316	1
2.1.1.317	1
2.1.1.318	1
2.1.1.319	1
2.1.1.320	1
2.1.1.321	1
2.1.1.322	1
2.1.1.323	1
2.1.1.324	1
2.1.1.325	1
2.1.1.326	1
2.1.1.327	1
2.1.1.328	1
2.1.1.329	1
2.1.1.330	1
2.1.1.331	1
2.1.1.332	1
2.1.1.333	1
2.1.1.334	1
2.1.1.335	1
2.1.1.336	1
2.1.1.337	1
2.1.1.338	1
2.1.1.339	1
2.1.1.340	1
2.1.1.341	1
2.1.1.342	1
2.1.1.343	1
2.1.1.344	1
2.1.1.345	1
2.1.1.346	1
2.1.1.347	1
2.1.1.348	1
2.1.1.349	1
2.1.1.350	1
2.1.1.351	1
2.1.1.352	1
2.1.1.353	1
2.1.1.354	1
2.1.1.355	1
2.1.1.356	1
2.1.1.357	1
2.1.1.358	1
2.1.1.359	1
2.1.1.360	1
2.1.1.361	1
2.1.1.362	1
2.1.1.363	1
2.1.1.364	1
2.1.1.365	1
2.1.1.366	1
2.1.1.367	1
2.1.1.368	1
2.1.1.369	1
2.1.1.370	1
2.1.1.371	1
2.1.1.372	1
2.1.1.373	1
2.1.1.374	1
2.1.2.1	0.5
2.1.2.B2	1
2.1.2.2	1
2.1.2.3	1
2.1.2.B3	1
2.1.2.4	1
2.1.2.5	1
2.1.2.6	1
2.1.2.7	1
2.1.2.8	1
2.1.2.9	0.5
2.1.2.10	1
2.1.2.11	1
2.1.2.13	1
2.1.3.1	1
2.1.3.2	1
2.1.3.3	1
2.1.3.4	1
2.1.3.5	1
2.1.3.6	1
2.1.3.7	1
2.1.3.8	1
2.1.3.9	1
2.1.3.10	1
2.1.3.11	1
2.1.3.12	1
2.1.3.13	1
2.1.3.14	1
2.1.3.15	1
2.1.4.1	1
2.1.4.2	1
2.1.4.3	1
2.1.5.1	1
2.2.1.1	0.5
2.2.1.2	1
2.2.1.3	1
2.2.1.4	1
2.2.1.5	1
2.2.1.6	5
2.2.1.7	1
2.2.1.8	1
2.2.1.9	1
2.2.1.10	1
2.2.1.11	1
2.2.1.12	1
2.2.1.13	1
2.3.1.1	1
2.3.1.2	1
2.3.1.B2	1
2.3.1.3	1
2.3.1.B3	1
2.3.1.4	1
2.3.1.B4	1
2.3.1.5	1
2.3.1.B5	1
2.3.1.6	1
2.3.1.B6	1
2.3.1.7	1
2.3.1.8	0.5
2.3.1.9	1
2.3.1.10	1
2.3.1.11	1
2.3.1.12	0.5
2.3.1.13	1
2.3.1.14	1
2.3.1.15	1
2.3.1.16	1
2.3.1.B16	1
2.3.1.17	1
2.3.1.18	1
2.3.1.19	1
2.3.1.20	1
2.3.1.21	1
2.3.1.22	1
2.3.1.23	1
2.3.1.24	1
2.3.1.B25	1
2.3.1.25	1
2.3.1.B26	1
2.3.1.26	1
2.3.1.27	1
2.3.1.B27	1
2.3.1.28	1
2.3.1.29	1
2.3.1.30	1
2.3.1.31	1
2.3.1.32	1
2.3.1.B32	1
2.3.1.B33	1
2.3.1.33	1
2.3.1.34	1
2.3.1.B34	1
2.3.1.35	1
2.3.1.36	1
2.3.1.B36	1
2.3.1.37	1
2.3.1.B37	1
2.3.1.B38	1
2.3.1.38	1
2.3.1.B39	1
2.3.1.39	1
2.3.1.40	1
2.3.1.B40	1
2.3.1.41	1
2.3.1.B41	1
2.3.1.42	1
2.3.1.B42	1
2.3.1.43	1
2.3.1.B43	1
2.3.1.B44	1
2.3.1.44	1
2.3.1.B45	1
2.3.1.45	1
2.3.1.B46	1
2.3.1.46	1
2.3.1.47	1
2.3.1.48	1
2.3.1.49	1
2.3.1.50	1
2.3.1.51	1
2.3.1.52	1
2.3.1.53	1
2.3.1.54	1
2.3.1.55	1
2.3.1.56	1
2.3.1.57	1
2.3.1.58	1
2.3.1.59	1
2.3.1.60	1
2.3.1.61	1
2.3.1.62	1
2.3.1.63	1
2.3.1.64	1
2.3.1.65	1
2.3.1.66	1
2.3.1.67	1
2.3.1.68	1
2.3.1.69	1
2.3.1.70	1
2.3.1.71	1
2.3.1.72	1
2.3.1.73	1
2.3.1.74	1
2.3.1.75	1
2.3.1.76	1
2.3.1.77	1
2.3.1.78	1
2.3.1.79	1
2.3.1.80	1
2.3.1.81	1
2.3.1.82	1
2.3.1.83	1
2.3.1.84	1
2.3.1.85	1
2.3.1.86	1
2.3.1.87	1
2.3.1.88	1
2.3.1.89	1
2.3.1.90	1
2.3.1.91	1
2.3.1.92	1
2.3.1.93	1
2.3.1.94	1
2.3.1.95	1
2.3.1.96	1
2.3.1.97	1
2.3.1.98	1
2.3.1.99	1
2.3.1.100	1
2.3.1.101	1
2.3.1.102	1
2.3.1.103	1
2.3.1.104	1
2.3.1.105	1
2.3.1.106	1
2.3.1.107	1
2.3.1.108	1
2.3.1.109	1
2.3.1.110	1
2.3.1.111	1
2.3.1.112	1
2.3.1.113	1
2.3.1.114	1
2.3.1.115	1
2.3.1.116	1
2.3.1.117	1
2.3.1.118	1
2.3.1.119	1
2.3.1.120	1
2.3.1.121	1
2.3.1.122	1
2.3.1.123	1
2.3.1.124	1
2.3.1.125	1
2.3.1.126	1
2.3.1.127	1
2.3.1.128	1
2.3.1.129	1
2.3.1.130	1
2.3.1.131	1
2.3.1.132	1
2.3.1.133	1
2.3.1.134	1
2.3.1.135	1
2.3.1.136	1
2.3.1.137	1
2.3.1.138	1
2.3.1.139	1
2.3.1.140	1
2.3.1.141	1
2.3.1.142	1
2.3.1.143	1
2.3.1.144	1
2.3.1.145	1
2.3.1.146	1
2.3.1.147	1
2.3.1.148	1
2.3.1.149	1
2.3.1.150	1
2.3.1.151	1
2.3.1.152	1
2.3.1.153	1
2.3.1.154	1
2.3.1.155	1
2.3.1.156	1
2.3.1.157	1
2.3.1.158	1
2.3.1.159	1
2.3.1.160	1
2.3.1.161	1
2.3.1.162	1
2.3.1.163	1
2.3.1.164	1
2.3.1.165	1
2.3.1.166	1
2.3.1.167	1
2.3.1.168	1
2.3.1.169	1
2.3.1.170	1
2.3.1.171	1
2.3.1.172	1
2.3.1.173	1
2.3.1.174	1
2.3.1.175	1
2.3.1.176	1
2.3.1.177	1
2.3.1.178	1
2.3.1.179	1
2.3.1.180	1
2.3.1.181	1
2.3.1.182	1
2.3.1.183	1
2.3.1.184	1
2.3.1.185	1
2.3.1.186	1
2.3.1.187	1
2.3.1.188	1
2.3.1.189	1
2.3.1.190	1
2.3.1.191	1
2.3.1.192	1
2.3.1.193	1
2.3.1.194	1
2.3.1.195	1
2.3.1.196	1
2.3.1.197	1
2.3.1.198	1
2.3.1.199	1
2.3.1.200	1
2.3.1.201	1
2.3.1.202	1
2.3.1.203	1
2.3.1.204	1
2.3.1.205	1
2.3.1.206	1
2.3.1.207	1
2.3.1.208	1
2.3.1.209	1
2.3.1.210	1
2.3.1.211	1
2.3.1.212	1
2.3.1.213	1
2.3.1.214	1
2.3.1.215	1
2.3.1.216	1
2.3.1.217	1
2.3.1.218	1
2.3.1.219	1
2.3.1.220	1
2.3.1.221	1
2.3.1.222	1
2.3.1.223	1
2.3.1.224	1
2.3.1.225	1
2.3.1.226	1
2.3.1.227	1
2.3.1.228	1
2.3.1.229	1
2.3.1.230	1
2.3.1.231	1
2.3.1.232	1
2.3.1.233	1
2.3.1.234	0.5
2.3.1.235	1
2.3.1.236	1
2.3.1.237	1
2.3.1.238	1
2.3.1.239	1
2.3.1.240	1
2.3.1.241	1
2.3.1.242	1
2.3.1.243	1
2.3.1.244	1
2.3.1.245	1
2.3.1.246	1
2.3.1.247	1
2.3.1.248	1
2.3.1.249	1
2.3.1.250	1
2.3.1.251	1
2.3.1.252	1
2.3.1.253	1
2.3.1.254	1
2.3.1.255	1
2.3.1.256	1
2.3.1.257	1
2.3.1.258	1
2.3.1.259	1
2.3.1.260	1
2.3.1.261	1
2.3.1.262	1
2.3.1.263	1
2.3.1.264	1
2.3.1.265	1
2.3.1.266	1
2.3.1.267	1
2.3.1.268	1
2.3.1.269	1
2.3.1.270	1
2.3.1.271	1
2.3.1.272	1
2.3.1.273	1
2.3.1.274	0.5
2.3.1.275	1
2.3.1.276	1
2.3.1.277	1
2.3.1.278	1
2.3.1.279	1
2.3.1.280	1
2.3.1.281	1
2.3.1.282	1
2.3.1.283	1
2.3.1.284	1
2.3.1.285	1
2.3.1.286	1
2.3.1.287	1
2.3.1.288	1
2.3.1.289	1
2.3.1.290	1
2.3.1.291	1
2.3.1.292	1
2.3.1.293	1
2.3.1.294	1
2.3.1.295	1
2.3.1.296	1
2.3.1.297	1
2.3.1.298	1
2.3.1.299	1
2.3.2.1	1
2.3.2.B1	1
2.3.2.B2	1
2.3.2.2	5
2.3.2.3	1
2.3.2.B3	1
2.3.2.4	1
2.3.2.5	1
2.3.2.6	1
2.3.2.7	1
2.3.2.8	1
2.3.2.B8	1
2.3.2.9	1
2.3.2.10	1
2.3.2.11	1
2.3.2.B11	1
2.3.2.12	1
2.3.2.B12	1
2.3.2.13	1
2.3.2.B13	1
2.3.2.14	1
2.3.2.B14	1
2.3.2.15	1
2.3.2.B16	1
2.3.2.16	1
2.3.2.17	1
2.3.2.18	1
2.3.2.19	1
2.3.2.20	1
2.3.2.21	1
2.3.2.22	1
2.3.2.23	1
2.3.2.24	1
2.3.2.25	1
2.3.2.26	1
2.3.2.27	1
2.3.2.28	1
2.3.2.29	1
2.3.2.30	1
2.3.2.31	1
2.3.2.32	1
2.3.2.33	1
2.3.2.34	1
2.3.2.35	1
2.3.2.36	1
2.3.3.1	1
2.3.3.2	1
2.3.3.3	1
2.3.3.4	1
2.3.3.5	1
2.3.3.6	1
2.3.3.7	1
2.3.3.8	1
2.3.3.9	5
2.3.3.10	1
2.3.3.11	1
2.3.3.12	1
2.3.3.13	1
2.3.3.14	1
2.3.3.15	1
2.3.3.16	1
2.3.3.17	1
2.3.3.18	1
2.3.3.19	1
2.3.3.20	1
2.4.1.1	1
2.4.1.B1	1
2.4.1.2	1
2.4.1.B3	1
2.4.1.3	1
2.4.1.4	1
2.4.1.B4	1
2.4.1.5	1
2.4.1.6	1
2.4.1.7	1
2.4.1.B7	1
2.4.1.8	1
2.4.1.B9	1
2.4.1.9	1
2.4.1.10	1
2.4.1.11	1
2.4.1.12	1
2.4.1.13	1
2.4.1.14	1
2.4.1.15	1
2.4.1.16	1
2.4.1.17	1
2.4.1.18	1
2.4.1.19	5
2.4.1.20	1
2.4.1.21	1
2.4.1.22	1
2.4.1.23	1
2.4.1.24	1
2.4.1.25	1
2.4.1.26	1
2.4.1.27	1
2.4.1.28	1
2.4.1.29	1
2.4.1.30	1
2.4.1.31	1
2.4.1.32	1
2.4.1.33	1
2.4.1.34	1
2.4.1.B34	1
2.4.1.35	1
2.4.1.36	1
2.4.1.37	1
2.4.1.38	1
2.4.1.39	1
2.4.1.40	1
2.4.1.41	1
2.4.1.42	1
2.4.1.43	1
2.4.1.44	1
2.4.1.45	1
2.4.1.B46	1
2.4.1.46	1
2.4.1.47	1
2.4.1.48	1
2.4.1.49	1
2.4.1.B50	1
2.4.1.50	1
2.4.1.B51	1
2.4.1.51	1
2.4.1.B52	1
2.4.1.52	1
2.4.1.B53	1
2.4.1.53	1
2.4.1.B54	1
2.4.1.54	1
2.4.1.55	1
2.4.1.56	1
2.4.1.57	1
2.4.1.B58	1
2.4.1.58	1
2.4.1.59	1
2.4.1.60	1
2.4.1.61	1
2.4.1.62	1
2.4.1.B62	1
2.4.1.63	1
2.4.1.64	1
2.4.1.B64	1
2.4.1.65	1
2.4.1.B65	1
2.4.1.66	1
2.4.1.67	1
2.4.1.68	1
2.4.1.B69	1
2.4.1.69	1
2.4.1.B70	1
2.4.1.70	1
2.4.1.71	1
2.4.1.B71	1
2.4.1.72	1
2.4.1.B72	1
2.4.1.73	1
2.4.1.B74	1
2.4.1.74	1
2.4.1.75	1
2.4.1.B76	1
2.4.1.76	1
2.4.1.B77	1
2.4.1.77	1
2.4.1.B78	1
2.4.1.78	1
2.4.1.79	1
2.4.1.B79	1
2.4.1.B80	1
2.4.1.80	1
2.4.1.81	1
2.4.1.B81	1
2.4.1.82	1
2.4.1.B82	1
2.4.1.B83	1
2.4.1.83	1
2.4.1.B84	1
2.4.1.84	1
2.4.1.B85	1
2.4.1.85	1
2.4.1.86	1
2.4.1.87	1
2.4.1.88	1
2.4.1.89	1
2.4.1.90	1
2.4.1.91	1
2.4.1.92	1
2.4.1.93	1
2.4.1.94	1
2.4.1.95	1
2.4.1.96	1
2.4.1.97	1
2.4.1.98	1
2.4.1.99	1
2.4.1.100	1
2.4.1.101	1
2.4.1.102	1
2.4.1.103	1
2.4.1.104	1
2.4.1.105	1
2.4.1.106	1
2.4.1.107	1
2.4.1.108	1
2.4.1.109	1
2.4.1.110	1
2.4.1.111	1
2.4.1.112	1
2.4.1.113	1
2.4.1.114	1
2.4.1.115	1
2.4.1.116	1
2.4.1.117	1
2.4.1.118	1
2.4.1.119	1
2.4.1.120	1
2.4.1.121	1
2.4.1.122	1
2.4.1.123	1
2.4.1.124	1
2.4.1.125	1
2.4.1.126	1
2.4.1.127	1
2.4.1.128	1
2.4.1.129	1
2.4.1.130	1
2.4.1.131	1
2.4.1.132	1
2.4.1.133	1
2.4.1.134	1
2.4.1.135	1
2.4.1.136	1
2.4.1.137	1
2.4.1.138	1
2.4.1.139	1
2.4.1.140	1
2.4.1.141	1
2.4.1.142	1
2.4.1.143	1
2.4.1.144	1
2.4.1.145	1
2.4.1.146	1
2.4.1.147	1
2.4.1.148	1
2.4.1.149	1
2.4.1.150	1
2.4.1.151	1
2.4.1.152	1
2.4.1.153	1
2.4.1.154	1
2.4.1.155	1
2.4.1.156	1
2.4.1.157	1
2.4.1.158	1
2.4.1.159	1
2.4.1.160	1
2.4.1.161	1
2.4.1.162	1
2.4.1.163	1
2.4.1.164	1
2.4.1.165	1
2.4.1.166	1
2.4.1.167	1
2.4.1.168	1
2.4.1.169	1
2.4.1.170	1
2.4.1.171	1
2.4.1.172	1
2.4.1.173	1
2.4.1.174	1
2.4.1.175	1
2.4.1.176	1
2.4.1.177	1
2.4.1.178	1
2.4.1.179	1
2.4.1.180	1
2.4.1.181	1
2.4.1.182	1
2.4.1.183	1
2.4.1.184	1
2.4.1.185	1
2.4.1.186	1
2.4.1.187	1
2.4.1.188	1
2.4.1.189	1
2.4.1.190	1
2.4.1.191	1
2.4.1.192	1
2.4.1.193	1
2.4.1.194	1
2.4.1.195	1
2.4.1.196	1
2.4.1.197	1
2.4.1.198	1
2.4.1.199	1
2.4.1.200	1
2.4.1.201	1
2.4.1.202	1
2.4.1.203	1
2.4.1.204	1
2.4.1.205	1
2.4.1.206	1
2.4.1.207	1
2.4.1.208	1
2.4.1.209	1
2.4.1.210	1
2.4.1.211	1
2.4.1.212	1
2.4.1.213	1
2.4.1.214	1
2.4.1.215	1
2.4.1.216	1
2.4.1.217	1
2.4.1.218	1
2.4.1.219	1
2.4.1.220	1
2.4.1.221	1
2.4.1.222	1
2.4.1.223	1
2.4.1.224	1
2.4.1.225	1
2.4.1.226	1
2.4.1.227	1
2.4.1.228	1
2.4.1.229	1
2.4.1.230	1
2.4.1.231	1
2.4.1.232	1
2.4.1.233	1
2.4.1.234	1
2.4.1.235	1
2.4.1.236	1
2.4.1.237	1
2.4.1.238	1
2.4.1.239	1
2.4.1.240	1
2.4.1.241	1
2.4.1.242	1
2.4.1.243	1
2.4.1.244	1
2.4.1.245	1
2.4.1.246	1
2.4.1.247	1
2.4.1.248	1
2.4.1.249	1
2.4.1.250	1
2.4.1.251	1
2.4.1.252	1
2.4.1.253	1
2.4.1.254	1
2.4.1.255	1
2.4.1.256	1
2.4.1.257	1
2.4.1.258	1
2.4.1.259	1
2.4.1.260	1
2.4.1.261	1
2.4.1.262	1
2.4.1.263	1
2.4.1.264	1
2.4.1.265	1
2.4.1.266	1
2.4.1.267	1
2.4.1.268	1
2.4.1.269	1
2.4.1.270	1
2.4.1.271	1
2.4.1.272	1
2.4.1.273	1
2.4.1.274	1
2.4.1.275	1
2.4.1.276	1
2.4.1.277	1
2.4.1.278	1
2.4.1.279	1
2.4.1.280	1
2.4.1.281	1
2.4.1.282	1
2.4.1.283	1
2.4.1.284	1
2.4.1.285	1
2.4.1.286	1
2.4.1.287	1
2.4.1.288	1
2.4.1.289	1
2.4.1.290	1
2.4.1.291	1
2.4.1.292	1
2.4.1.293	1
2.4.1.294	1
2.4.1.295	1
2.4.1.296	1
2.4.1.297	1
2.4.1.298	1
2.4.1.299	1
2.4.1.300	1
2.4.1.301	1
2.4.1.302	1
2.4.1.303	1
2.4.1.304	1
2.4.1.305	1
2.4.1.306	1
2.4.1.307	1
2.4.1.308	1
2.4.1.309	1
2.4.1.310	1
2.4.1.311	1
2.4.1.312	1
2.4.1.313	1
2.4.1.314	1
2.4.1.315	1
2.4.1.316	1
2.4.1.317	1
2.4.1.318	1
2.4.1.319	1
2.4.1.320	1
2.4.1.321	1
2.4.1.322	1
2.4.1.323	1
2.4.1.324	1
2.4.1.325	1
2.4.1.326	1
2.4.1.327	1
2.4.1.328	1
2.4.1.329	1
2.4.1.330	1
2.4.1.331	1
2.4.1.332	1
2.4.1.333	1
2.4.1.334	1
2.4.1.335	1
2.4.1.336	1
2.4.1.337	1
2.4.1.338	1
2.4.1.339	1
2.4.1.340	1
2.4.1.341	1
2.4.1.342	1
2.4.1.343	1
2.4.1.344	1
2.4.1.345	1
2.4.1.346	1
2.4.1.347	1
2.4.1.348	1
2.4.1.349	1
2.4.1.350	1
2.4.1.351	1
2.4.1.352	1
2.4.1.353	1
2.4.1.354	1
2.4.1.355	1
2.4.1.356	1
2.4.1.357	1
2.4.1.358	1
2.4.1.359	1
2.4.1.360	1
2.4.1.361	1
2.4.1.362	1
2.4.1.363	1
2.4.1.364	1
2.4.1.365	1
2.4.1.366	1
2.4.1.367	1
2.4.1.368	1
2.4.1.369	1
2.4.1.370	1
2.4.1.371	1
2.4.1.372	1
2.4.1.373	1
2.4.1.374	1
2.4.1.375	1
2.4.1.376	1
2.4.2.1	0.5
2.4.2.2	1
2.4.2.3	1
2.4.2.B4	1
2.4.2.4	1
2.4.2.5	1
2.4.2.6	1
2.4.2.7	0.5
2.4.2.B7	1
2.4.2.8	0.5
2.4.2.9	0.5
2.4.2.10	1
2.4.2.11	1
2.4.2.B12	1
2.4.2.12	0.5
2.4.2.B13	1
2.4.2.13	1
2.4.2.14	1
2.4.2.15	1
2.4.2.16	1
2.4.2.17	1
2.4.2.B18	1
2.4.2.18	1
2.4.2.19	1
2.4.2.20	1
2.4.2.21	1
2.4.2.22	1
2.4.2.23	1
2.4.2.24	1
2.4.2.25	1
2.4.2.26	1
2.4.2.27	1
2.4.2.28	1
2.4.2.29	1
2.4.2.30	1
2.4.2.31	1
2.4.2.32	1
2.4.2.33	1
2.4.2.34	1
2.4.2.35	1
2.4.2.36	1
2.4.2.37	1
2.4.2.38	1
2.4.2.39	1
2.4.2.40	1
2.4.2.41	1
2.4.2.42	1
2.4.2.43	1
2.4.2.44	1
2.4.2.45	1
2.4.2.46	1
2.4.2.47	1
2.4.2.48	1
2.4.2.49	1
2.4.2.50	1
2.4.2.51	1
2.4.2.52	1
2.4.2.53	1
2.4.2.54	1
2.4.2.55	1
2.4.2.56	1
2.4.2.57	1
2.4.2.58	1
2.4.2.59	1
2.4.2.60	1
2.4.2.61	1
2.4.2.62	1
2.4.2.63	1
2.4.2.64	1
2.4.99.1	1
2.4.99.2	1
2.4.99.3	1
2.4.99.4	1
2.4.99.B5	1
2.4.99.5	1
2.4.99.B6	1
2.4.99.6	1
2.4.99.7	1
2.4.99.B7	1
2.4.99.8	1
2.4.99.9	1
2.4.99.10	1
2.4.99.11	1
2.4.99.12	1
2.4.99.13	1
2.4.99.14	1
2.4.99.15	1
2.4.99.16	1
2.4.99.17	1
2.4.99.18	1
2.4.99.19	1
2.4.99.20	1
2.4.99.21	1
2.4.99.22	1
2.5.1.1	1
2.5.1.B1	1
2.5.1.2	1
2.5.1.3	1
2.5.1.4	1
2.5.1.5	1
2.5.1.B6	1
2.5.1.6	5
2.5.1.7	1
2.5.1.8	1
2.5.1.9	1
2.5.1.B9	1
2.5.1.10	1
2.5.1.11	1
2.5.1.12	1
2.5.1.13	1
2.5.1.B14	1
2.5.1.14	1
2.5.1.15	1
2.5.1.16	1
2.5.1.17	1
2.5.1.18	1
2.5.1.19	5
2.5.1.20	1
2.5.1.B21	1
2.5.1.21	1
2.5.1.22	1
2.5.1.23	1
2.5.1.24	1
2.5.1.B25	1
2.5.1.25	1
2.5.1.26	1
2.5.1.27	1
2.5.1.28	1
2.5.1.29	1
2.5.1.30	1
2.5.1.B31	1
2.5.1.31	1
2.5.1.32	1
2.5.1.33	1
2.5.1.34	1
2.5.1.35	1
2.5.1.B35	1
2.5.1.36	1
2.5.1.37	1
2.5.1.38	1
2.5.1.39	1
2.5.1.40	1
2.5.1.41	1
2.5.1.B41	1
2.5.1.42	1
2.5.1.B43	1
2.5.1.43	1
2.5.1.44	1
2.5.1.B45	1
2.5.1.45	1
2.5.1.46	1
2.5.1.B46	1
2.5.1.47	1
2.5.1.48	1
2.5.1.49	1
2.5.1.50	1
2.5.1.51	1
2.5.1.52	1
2.5.1.53	1
2.5.1.54	5
2.5.1.55	5
2.5.1.56	1
2.5.1.57	1
2.5.1.58	1
2.5.1.59	1
2.5.1.60	1
2.5.1.61	1
2.5.1.62	1
2.5.1.63	1
2.5.1.64	1
2.5.1.65	1
2.5.1.66	1
2.5.1.67	1
2.5.1.68	1
2.5.1.69	1
2.5.1.70	1
2.5.1.71	1
2.5.1.72	1
2.5.1.73	1
2.5.1.74	1
2.5.1.75	1
2.5.1.76	1
2.5.1.77	1
2.5.1.78	1
2.5.1.79	1
2.5.1.80	1
2.5.1.81	1
2.5.1.82	1
2.5.1.83	1
2.5.1.84	1
2.5.1.85	1
2.5.1.86	1
2.5.1.87	1
2.5.1.88	1
2.5.1.89	1
2.5.1.90	1
2.5.1.91	1
2.5.1.92	1
2.5.1.93	1
2.5.1.94	1
2.5.1.95	1
2.5.1.96	1
2.5.1.97	1
2.5.1.98	1
2.5.1.99	1
2.5.1.100	1
2.5.1.101	1
2.5.1.102	1
2.5.1.103	1
2.5.1.104	1
2.5.1.105	1
2.5.1.106	1
2.5.1.107	1
2.5.1.108	1
2.5.1.109	1
2.5.1.110	1
2.5.1.111	1
2.5.1.112	1
2.5.1.113	1
2.5.1.114	1
2.5.1.115	1
2.5.1.116	1
2.5.1.117	1
2.5.1.118	1
2.5.1.119	1
2.5.1.120	1
2.5.1.121	1
2.5.1.122	1
2.5.1.123	1
2.5.1.124	1
2.5.1.125	1
2.5.1.126	1
2.5.1.127	1
2.5.1.128	1
2.5.1.129	1
2.5.1.130	1
2.5.1.131	1
2.5.1.132	1
2.5.1.133	1
2.5.1.134	1
2.5.1.135	1
2.5.1.136	1
2.5.1.137	1
2.5.1.138	1
2.5.1.139	1
2.5.1.140	1
2.5.1.141	1
2.5.1.142	1
2.5.1.143	1
2.5.1.144	1
2.5.1.145	0.5
2.5.1.146	1
2.5.1.147	1
2.5.1.148	1
2.5.1.149	1
2.5.1.150	1
2.5.1.151	1
2.5.1.152	1
2.5.1.153	1
2.6.1.1	1
2.6.1.2	1
2.6.1.B3	1
2.6.1.3	1
2.6.1.4	1
2.6.1.5	1
2.6.1.B6	1
2.6.1.6	1
2.6.1.7	1
2.6.1.8	1
2.6.1.9	1
2.6.1.10	1
2.6.1.11	1
2.6.1.12	1
2.6.1.13	1
2.6.1.14	1
2.6.1.15	1
2.6.1.B16	1
2.6.1.16	5
2.6.1.B17	1
2.6.1.17	1
2.6.1.B18	1
2.6.1.18	1
2.6.1.19	1
2.6.1.B19	1
2.6.1.B20	1
2.6.1.20	1
2.6.1.B21	1
2.6.1.21	5
2.6.1.22	1
2.6.1.B22	1
2.6.1.B23	1
2.6.1.23	1
2.6.1.24	1
2.6.1.25	1
2.6.1.26	1
2.6.1.27	1
2.6.1.28	1
2.6.1.29	1
2.6.1.30	1
2.6.1.31	1
2.6.1.32	1
2.6.1.33	1
2.6.1.34	1
2.6.1.35	1
2.6.1.36	1
2.6.1.37	1
2.6.1.38	1
2.6.1.39	1
2.6.1.40	1
2.6.1.41	1
2.6.1.42	1
2.6.1.43	1
2.6.1.44	1
2.6.1.45	1
2.6.1.46	1
2.6.1.47	1
2.6.1.48	1
2.6.1.49	1
2.6.1.50	1
2.6.1.51	1
2.6.1.52	1
2.6.1.53	1
2.6.1.54	1
2.6.1.55	1
2.6.1.56	1
2.6.1.57	1
2.6.1.58	1
2.6.1.59	1
2.6.1.60	1
2.6.1.61	1
2.6.1.62	1
2.6.1.63	1
2.6.1.64	1
2.6.1.65	1
2.6.1.66	1
2.6.1.67	1
2.6.1.68	1
2.6.1.69	1
2.6.1.70	1
2.6.1.71	1
2.6.1.72	1
2.6.1.73	1
2.6.1.74	1
2.6.1.75	1
2.6.1.76	1
2.6.1.77	1
2.6.1.78	1
2.6.1.79	1
2.6.1.80	1
2.6.1.81	1
2.6.1.82	1
2.6.1.83	1
2.6.1.84	1
2.6.1.85	1
2.6.1.86	1
2.6.1.87	1
2.6.1.88	1
2.6.1.89	1
2.6.1.90	1
2.6.1.91	1
2.6.1.92	1
2.6.1.93	1
2.6.1.94	1
2.6.1.95	1
2.6.1.96	1
2.6.1.97	1
2.6.1.98	1
2.6.1.99	1
2.6.1.100	1
2.6.1.101	1
2.6.1.102	1
2.6.1.103	1
2.6.1.104	1
2.6.1.105	1
2.6.1.106	1
2.6.1.107	1
2.6.1.108	1
2.6.1.109	1
2.6.1.110	1
2.6.1.111	1
2.6.1.112	1
2.6.1.113	1
2.6.1.114	1
2.6.1.115	1
2.6.1.116	1
2.6.1.117	1
2.6.1.118	1
2.6.1.119	1
2.6.2.1	1
2.6.3.1	1
2.6.99.1	1
2.6.99.2	1
2.6.99.3	1
2.6.99.4	1
2.7.1.1	1
2.7.1.2	1
2.7.1.3	1
2.7.1.4	1
2.7.1.5	1
2.7.1.6	1
2.7.1.B6	1
2.7.1.7	1
2.7.1.8	1
2.7.1.9	1
2.7.1.10	1
2.7.1.11	5
2.7.1.12	1
2.7.1.13	1
2.7.1.14	5
2.7.1.15	1
2.7.1.16	1
2.7.1.17	1
2.7.1.18	1
2.7.1.B19	1
2.7.1.19	1
2.7.1.20	1
2.7.1.B20	1
2.7.1.21	0.5
2.7.1.22	1
2.7.1.23	1
2.7.1.24	0.5
2.7.1.25	1
2.7.1.B26	1
2.7.1.26	1
2.7.1.27	1
2.7.1.B27	1
2.7.1.B28	1
2.7.1.28	1
2.7.1.B29	1
2.7.1.29	1
2.7.1.B30	1
2.7.1.30	0.5
2.7.1.31	1
2.7.1.32	0.5
2.7.1.33	1
2.7.1.34	1
2.7.1.35	1
2.7.1.36	1
2.7.1.37	1
2.7.1.38	1
2.7.1.39	1
2.7.1.40	0.5
2.7.1.41	1
2.7.1.42	1
2.7.1.43	1
2.7.1.44	1
2.7.1.45	1
2.7.1.46	1
2.7.1.47	1
2.7.1.48	0.5
2.7.1.49	1
2.7.1.50	1
2.7.1.51	1
2.7.1.52	1
2.7.1.53	1
2.7.1.54	1
2.7.1.55	1
2.7.1.56	1
2.7.1.57	1
2.7.1.58	1
2.7.1.59	1
2.7.1.60	1
2.7.1.61	1
2.7.1.62	1
2.7.1.63	1
2.7.1.64	1
2.7.1.65	1
2.7.1.66	1
2.7.1.67	1
2.7.1.68	1
2.7.1.69	0.5
2.7.1.70	1
2.7.1.71	1
2.7.1.72	1
2.7.1.73	1
2.7.1.74	1
2.7.1.75	1
2.7.1.76	1
2.7.1.77	1
2.7.1.78	5
2.7.1.79	1
2.7.1.80	1
2.7.1.81	1
2.7.1.82	1
2.7.1.83	1
2.7.1.84	1
2.7.1.85	1
2.7.1.86	1
2.7.1.87	1
2.7.1.88	1
2.7.1.89	1
2.7.1.90	1
2.7.1.91	1
2.7.1.92	1
2.7.1.93	1
2.7.1.94	1
2.7.1.95	1
2.7.1.96	1
2.7.1.97	1
2.7.1.98	1
2.7.1.99	1
2.7.1.100	1
2.7.1.101	1
2.7.1.102	1
2.7.1.103	1
2.7.1.104	1
2.7.1.105	1
2.7.1.106	1
2.7.1.107	1
2.7.1.108	1
2.7.1.109	1
2.7.1.110	1
2.7.1.111	1
2.7.1.112	1
2.7.1.113	1
2.7.1.114	1
2.7.1.115	1
2.7.1.116	1
2.7.1.117	1
2.7.1.118	1
2.7.1.119	1
2.7.1.120	1
2.7.1.121	1
2.7.1.122	1
2.7.1.123	1
2.7.1.124	1
2.7.1.125	1
2.7.1.126	1
2.7.1.127	1
2.7.1.128	1
2.7.1.129	1
2.7.1.130	1
2.7.1.131	1
2.7.1.132	1
2.7.1.133	1
2.7.1.134	1
2.7.1.135	1
2.7.1.136	1
2.7.1.137	1
2.7.1.138	1
2.7.1.139	1
2.7.1.140	1
2.7.1.141	1
2.7.1.142	1
2.7.1.143	1
2.7.1.144	1
2.7.1.145	1
2.7.1.146	1
2.7.1.147	1
2.7.1.148	1
2.7.1.149	1
2.7.1.150	1
2.7.1.151	1
2.7.1.152	1
2.7.1.153	1
2.7.1.154	1
2.7.1.155	1
2.7.1.156	1
2.7.1.157	1
2.7.1.158	1
2.7.1.159	1
2.7.1.160	1
2.7.1.161	1
2.7.1.162	1
2.7.1.163	1
2.7.1.164	1
2.7.1.165	1
2.7.1.166	1
2.7.1.167	1
2.7.1.168	1
2.7.1.169	1
2.7.1.170	1
2.7.1.171	1
2.7.1.172	1
2.7.1.173	1
2.7.1.174	1
2.7.1.175	1
2.7.1.176	1
2.7.1.177	1
2.7.1.178	1
2.7.1.179	1
2.7.1.180	1
2.7.1.181	1
2.7.1.182	1
2.7.1.183	1
2.7.1.184	1
2.7.1.185	1
2.7.1.186	1
2.7.1.187	1
2.7.1.188	1
2.7.1.189	1
2.7.1.190	1
2.7.1.191	1
2.7.1.192	1
2.7.1.193	1
2.7.1.194	1
2.7.1.195	1
2.7.1.196	1
2.7.1.197	1
2.7.1.198	1
2.7.1.199	1
2.7.1.200	1
2.7.1.201	1
2.7.1.202	0.5
2.7.1.203	1
2.7.1.204	1
2.7.1.205	1
2.7.1.206	1
2.7.1.207	1
2.7.1.208	1
2.7.1.209	1
2.7.1.210	1
2.7.1.211	1
2.7.1.212	1
2.7.1.213	1
2.7.1.214	1
2.7.1.215	1
2.7.1.216	1
2.7.1.217	1
2.7.1.218	1
2.7.1.219	1
2.7.1.220	1
2.7.1.221	1
2.7.1.222	1
2.7.1.223	1
2.7.1.224	1
2.7.1.225	1
2.7.1.226	1
2.7.1.227	1
2.7.1.228	1
2.7.1.229	1
2.7.1.230	1
2.7.1.231	1
2.7.2.1	0.5
2.7.2.2	1
2.7.2.3	0.3
2.7.2.4	1
2.7.2.5	1
2.7.2.6	1
2.7.2.7	1
2.7.2.8	1
2.7.2.9	1
2.7.2.10	1
2.7.2.11	1
2.7.2.12	1
2.7.2.13	1
2.7.2.14	1
2.7.2.15	1
2.7.2.16	1
2.7.2.17	1
2.7.3.1	1
2.7.3.2	1
2.7.3.3	1
2.7.3.4	1
2.7.3.5	1
2.7.3.6	1
2.7.3.7	1
2.7.3.8	1
2.7.3.9	0.5
2.7.3.10	1
2.7.3.11	1
2.7.3.12	1
2.7.3.13	1
2.7.4.1	1
2.7.4.B1	1
2.7.4.2	1
2.7.4.3	0.5
2.7.4.B4	1
2.7.4.4	1
2.7.4.5	1
2.7.4.6	1
2.7.4.7	1
2.7.4.8	0.5
2.7.4.9	0.5
2.7.4.10	1
2.7.4.11	1
2.7.4.12	1
2.7.4.13	1
2.7.4.14	1
2.7.4.15	1
2.7.4.16	1
2.7.4.17	1
2.7.4.18	1
2.7.4.19	1
2.7.4.20	1
2.7.4.21	1
2.7.4.22	0.5
2.7.4.23	1
2.7.4.24	1
2.7.4.25	0.5
2.7.4.26	1
2.7.4.27	1
2.7.4.28	1
2.7.4.29	1
2.7.4.30	1
2.7.4.31	1
2.7.4.32	1
2.7.4.33	1
2.7.5.1	1
2.7.5.2	1
2.7.5.3	1
2.7.5.4	1
2.7.5.5	1
2.7.5.6	1
2.7.5.7	1
2.7.6.1	0.5
2.7.6.2	1
2.7.6.3	1
2.7.6.4	1
2.7.6.5	0.5
2.7.7.1	1
2.7.7.2	0.5
2.7.7.3	1
2.7.7.B3	1
2.7.7.B4	1
2.7.7.4	1
2.7.7.B5	1
2.7.7.5	1
2.7.7.6	0.5
2.7.7.7	5
2.7.7.8	1
2.7.7.9	0.5
2.7.7.10	1
2.7.7.11	1
2.7.7.12	1
2.7.7.13	1
2.7.7.14	1
2.7.7.15	1
2.7.7.B16	0.5
2.7.7.16	1
2.7.7.B17	1
2.7.7.17	1
2.7.7.B18	1
2.7.7.18	1
2.7.7.B19	1
2.7.7.19	1
2.7.7.B20	1
2.7.7.20	1
2.7.7.B21	1
2.7.7.21	1
2.7.7.22	1
2.7.7.B22	1
2.7.7.B23	1
2.7.7.23	1
2.7.7.B24	1
2.7.7.24	1
2.7.7.25	1
2.7.7.26	1
2.7.7.27	1
2.7.7.28	1
2.7.7.29	1
2.7.7.30	1
2.7.7.31	1
2.7.7.32	1
2.7.7.33	1
2.7.7.34	1
2.7.7.35	1
2.7.7.36	1
2.7.7.37	1
2.7.7.38	1
2.7.7.39	1
2.7.7.40	1
2.7.7.41	0.5
2.7.7.42	1
2.7.7.43	1
2.7.7.44	1
2.7.7.45	1
2.7.7.46	1
2.7.7.47	1
2.7.7.48	5
2.7.7.49	1
2.7.7.50	1
2.7.7.51	1
2.7.7.52	1
2.7.7.53	1
2.7.7.54	1
2.7.7.55	1
2.7.7.56	1
2.7.7.57	1
2.7.7.58	1
2.7.7.59	1
2.7.7.60	1
2.7.7.61	1
2.7.7.62	1
2.7.7.63	1
2.7.7.64	1
2.7.7.65	1
2.7.7.66	1
2.7.7.67	1
2.7.7.68	1
2.7.7.69	1
2.7.7.70	1
2.7.7.71	1
2.7.7.72	1
2.7.7.73	1
2.7.7.74	1
2.7.7.75	1
2.7.7.76	1
2.7.7.77	1
2.7.7.78	1
2.7.7.79	1
2.7.7.80	1
2.7.7.81	1
2.7.7.82	1
2.7.7.83	1
2.7.7.84	1
2.7.7.85	1
2.7.7.86	1
2.7.7.87	1
2.7.7.88	1
2.7.7.89	1
2.7.7.90	1
2.7.7.91	1
2.7.7.92	1
2.7.7.93	1
2.7.7.94	1
2.7.7.95	1
2.7.7.96	1
2.7.7.97	1
2.7.7.98	1
2.7.7.99	1
2.7.7.100	1
2.7.7.101	1
2.7.7.102	1
2.7.7.103	1
2.7.7.104	1
2.7.7.105	1
2.7.7.106	1
2.7.8.1	1
2.7.8.2	1
2.7.8.B2	1
2.7.8.3	1
2.7.8.4	1
2.7.8.5	0.5
2.7.8.6	1
2.7.8.7	0.5
2.7.8.8	1
2.7.8.9	1
2.7.8.B10	1
2.7.8.10	1
2.7.8.B11	1
2.7.8.11	1
2.7.8.12	1
2.7.8.B13	1
2.7.8.13	5
2.7.8.14	1
2.7.8.B14	1
2.7.8.B15	1
2.7.8.15	1
2.7.8.16	1
2.7.8.17	1
2.7.8.18	1
2.7.8.19	1
2.7.8.20	1
2.7.8.21	1
2.7.8.22	1
2.7.8.23	1
2.7.8.24	1
2.7.8.25	1
2.7.8.26	1
2.7.8.27	1
2.7.8.28	1
2.7.8.29	1
2.7.8.30	1
2.7.8.31	1
2.7.8.32	1
2.7.8.33	1
2.7.8.34	1
2.7.8.35	1
2.7.8.36	1
2.7.8.37	1
2.7.8.38	1
2.7.8.39	1
2.7.8.40	1
2.7.8.41	1
2.7.8.42	1
2.7.8.43	1
2.7.8.44	1
2.7.8.45	1
2.7.8.46	1
2.7.8.47	1
2.7.9.1	1
2.7.9.2	1
2.7.9.3	1
2.7.9.4	1
2.7.9.5	1
2.7.9.6	1
2.7.10.1	1
2.7.10.2	1
2.7.11.1	0.5
2.7.11.B1	1
2.7.11.2	1
2.7.11.3	1
2.7.11.4	1
2.7.11.5	1
2.7.11.6	1
2.7.11.7	1
2.7.11.8	1
2.7.11.9	1
2.7.11.10	1
2.7.11.11	1
2.7.11.12	1
2.7.11.13	1
2.7.11.14	1
2.7.11.15	1
2.7.11.16	1
2.7.11.17	1
2.7.11.18	1
2.7.11.19	1
2.7.11.20	1
2.7.11.21	1
2.7.11.22	1
2.7.11.23	1
2.7.11.24	1
2.7.11.25	1
2.7.11.26	1
2.7.11.27	1
2.7.11.28	1
2.7.11.29	1
2.7.11.30	1
2.7.11.31	1
2.7.11.32	1
2.7.11.33	1
2.7.12.1	1
2.7.12.2	1
2.7.13.1	1
2.7.13.2	1
2.7.13.3	1
2.7.14.1	1
2.7.99.B1	1
2.7.99.1	1
2.8.1.1	1
2.8.1.2	1
2.8.1.B2	1
2.8.1.3	1
2.8.1.B3	1
2.8.1.4	1
2.8.1.5	1
2.8.1.6	1
2.8.1.7	1
2.8.1.8	1
2.8.1.9	1
2.8.1.10	1
2.8.1.11	1
2.8.1.12	1
2.8.1.13	1
2.8.1.14	0.5
2.8.1.15	1
2.8.1.16	1
2.8.2.B1	1
2.8.2.1	1
2.8.2.2	1
2.8.2.3	1
2.8.2.4	1
2.8.2.5	1
2.8.2.B5	1
2.8.2.6	1
2.8.2.7	1
2.8.2.8	1
2.8.2.9	1
2.8.2.10	1
2.8.2.11	1
2.8.2.12	1
2.8.2.13	1
2.8.2.14	1
2.8.2.15	1
2.8.2.16	1
2.8.2.17	1
2.8.2.18	1
2.8.2.19	1
2.8.2.20	1
2.8.2.21	1
2.8.2.22	1
2.8.2.23	1
2.8.2.24	1
2.8.2.25	1
2.8.2.26	1
2.8.2.27	1
2.8.2.28	1
2.8.2.29	1
2.8.2.30	1
2.8.2.31	1
2.8.2.32	1
2.8.2.33	1
2.8.2.34	1
2.8.2.35	1
2.8.2.36	1
2.8.2.37	1
2.8.2.38	1
2.8.2.39	1
2.8.3.B1	1
2.8.3.1	1
2.8.3.2	1
2.8.3.3	1
2.8.3.4	1
2.8.3.5	1
2.8.3.6	1
2.8.3.7	1
2.8.3.8	1
2.8.3.9	1
2.8.3.10	1
2.8.3.11	1
2.8.3.12	1
2.8.3.13	1
2.8.3.14	1
2.8.3.15	1
2.8.3.16	1
2.8.3.17	1
2.8.3.18	1
2.8.3.19	1
2.8.3.20	1
2.8.3.21	1
2.8.3.22	1
2.8.3.23	1
2.8.3.24	1
2.8.3.25	1
2.8.3.26	1
2.8.4.1	1
2.8.4.2	1
2.8.4.3	1
2.8.4.4	1
2.8.4.5	1
2.8.5.1	1
2.8.5.2	1
2.9.1.1	1
2.9.1.2	1
2.9.1.3	1
2.10.1.1	1
3.1.1.1	1
3.1.1.2	1
3.1.1.3	5
3.1.1.4	1
3.1.1.5	1
3.1.1.6	1
3.1.1.7	1
3.1.1.8	1
3.1.1.9	1
3.1.1.B10	1
3.1.1.10	1
3.1.1.B11	1
3.1.1.11	1
3.1.1.12	1
3.1.1.13	1
3.1.1.14	1
3.1.1.15	1
3.1.1.16	1
3.1.1.17	1
3.1.1.18	1
3.1.1.19	1
3.1.1.20	1
3.1.1.21	1
3.1.1.22	1
3.1.1.23	5
3.1.1.24	1
3.1.1.25	1
3.1.1.26	1
3.1.1.27	1
3.1.1.28	1
3.1.1.29	0.5
3.1.1.30	1
3.1.1.31	1
3.1.1.32	1
3.1.1.33	1
3.1.1.34	1
3.1.1.35	5
3.1.1.36	1
3.1.1.37	1
3.1.1.38	1
3.1.1.39	1
3.1.1.40	1
3.1.1.41	1
3.1.1.42	1
3.1.1.43	1
3.1.1.44	1
3.1.1.45	1
3.1.1.46	1
3.1.1.47	1
3.1.1.48	1
3.1.1.49	1
3.1.1.50	1
3.1.1.51	1
3.1.1.52	1
3.1.1.53	1
3.1.1.54	1
3.1.1.55	1
3.1.1.56	1
3.1.1.57	1
3.1.1.58	1
3.1.1.59	1
3.1.1.60	1
3.1.1.61	1
3.1.1.62	1
3.1.1.63	1
3.1.1.64	1
3.1.1.65	1
3.1.1.66	1
3.1.1.67	1
3.1.1.68	1
3.1.1.69	1
3.1.1.70	1
3.1.1.71	1
3.1.1.72	1
3.1.1.73	1
3.1.1.74	1
3.1.1.75	5
3.1.1.76	1
3.1.1.77	1
3.1.1.78	1
3.1.1.79	1
3.1.1.80	1
3.1.1.81	5
3.1.1.82	1
3.1.1.83	1
3.1.1.84	1
3.1.1.85	1
3.1.1.86	1
3.1.1.87	1
3.1.1.88	1
3.1.1.89	1
3.1.1.90	1
3.1.1.91	1
3.1.1.92	1
3.1.1.93	1
3.1.1.94	1
3.1.1.95	1
3.1.1.96	1
3.1.1.97	1
3.1.1.98	1
3.1.1.99	1
3.1.1.100	1
3.1.1.101	5
3.1.1.102	5
3.1.1.103	1
3.1.1.104	1
3.1.1.105	1
3.1.1.106	1
3.1.1.107	1
3.1.1.108	1
3.1.1.109	1
3.1.1.110	1
3.1.1.111	1
3.1.1.112	1
3.1.1.113	1
3.1.1.114	1
3.1.1.115	1
3.1.2.1	1
3.1.2.2	1
3.1.2.3	1
3.1.2.4	1
3.1.2.B5	1
3.1.2.5	1
3.1.2.6	1
3.1.2.7	1
3.1.2.8	1
3.1.2.9	1
3.1.2.10	1
3.1.2.11	1
3.1.2.12	1
3.1.2.13	1
3.1.2.14	1
3.1.2.15	1
3.1.2.16	1
3.1.2.17	1
3.1.2.18	1
3.1.2.19	1
3.1.2.20	1
3.1.2.21	1
3.1.2.22	1
3.1.2.23	1
3.1.2.24	1
3.1.2.25	1
3.1.2.26	1
3.1.2.27	1
3.1.2.28	1
3.1.2.29	1
3.1.2.30	1
3.1.2.31	1
3.1.2.32	1
3.1.3.1	1
3.1.3.2	1
3.1.3.3	1
3.1.3.4	1
3.1.3.B4	1
3.1.3.5	5
3.1.3.6	1
3.1.3.7	1
3.1.3.8	5
3.1.3.B8	1
3.1.3.9	1
3.1.3.B9	1
3.1.3.10	1
3.1.3.11	5
3.1.3.12	1
3.1.3.13	1
3.1.3.B13	1
3.1.3.B14	1
3.1.3.14	1
3.1.3.15	1
3.1.3.16	0.5
3.1.3.17	1
3.1.3.18	1
3.1.3.19	1
3.1.3.20	1
3.1.3.21	1
3.1.3.22	1
3.1.3.23	1
3.1.3.24	1
3.1.3.25	1
3.1.3.26	5
3.1.3.27	1
3.1.3.28	1
3.1.3.29	1
3.1.3.30	1
3.1.3.31	1
3.1.3.32	1
3.1.3.33	1
3.1.3.34	1
3.1.3.35	1
3.1.3.36	1
3.1.3.37	1
3.1.3.38	1
3.1.3.39	1
3.1.3.40	1
3.1.3.41	1
3.1.3.42	1
3.1.3.43	1
3.1.3.44	1
3.1.3.45	1
3.1.3.46	1
3.1.3.47	1
3.1.3.48	1
3.1.3.49	1
3.1.3.50	1
3.1.3.51	1
3.1.3.52	1
3.1.3.53	1
3.1.3.54	1
3.1.3.55	1
3.1.3.56	1
3.1.3.57	1
3.1.3.58	1
3.1.3.59	1
3.1.3.60	1
3.1.3.61	1
3.1.3.62	1
3.1.3.63	1
3.1.3.64	1
3.1.3.65	1
3.1.3.66	1
3.1.3.67	1
3.1.3.68	1
3.1.3.69	1
3.1.3.70	1
3.1.3.71	1
3.1.3.72	1
3.1.3.73	1
3.1.3.74	1
3.1.3.75	1
3.1.3.76	1
3.1.3.77	1
3.1.3.78	1
3.1.3.79	1
3.1.3.80	1
3.1.3.81	1
3.1.3.82	1
3.1.3.83	1
3.1.3.84	1
3.1.3.85	1
3.1.3.86	1
3.1.3.87	1
3.1.3.88	1
3.1.3.89	1
3.1.3.90	1
3.1.3.91	1
3.1.3.92	1
3.1.3.93	1
3.1.3.94	1
3.1.3.95	1
3.1.3.96	1
3.1.3.97	1
3.1.3.98	1
3.1.3.99	1
3.1.3.100	0.5
3.1.3.101	1
3.1.3.102	1
3.1.3.103	1
3.1.3.104	1
3.1.3.105	1
3.1.3.106	1
3.1.3.107	1
3.1.3.108	1
3.1.4.1	1
3.1.4.2	1
3.1.4.3	1
3.1.4.4	1
3.1.4.B4	1
3.1.4.5	1
3.1.4.6	1
3.1.4.7	1
3.1.4.8	1
3.1.4.9	1
3.1.4.10	1
3.1.4.11	1
3.1.4.12	1
3.1.4.13	1
3.1.4.14	0.5
3.1.4.15	1
3.1.4.16	5
3.1.4.17	1
3.1.4.18	1
3.1.4.19	1
3.1.4.20	1
3.1.4.21	1
3.1.4.22	1
3.1.4.23	1
3.1.4.24	1
3.1.4.25	1
3.1.4.26	1
3.1.4.27	1
3.1.4.28	1
3.1.4.29	1
3.1.4.30	1
3.1.4.31	1
3.1.4.32	1
3.1.4.33	1
3.1.4.34	1
3.1.4.35	1
3.1.4.36	1
3.1.4.37	1
3.1.4.38	1
3.1.4.39	1
3.1.4.40	1
3.1.4.41	1
3.1.4.42	1
3.1.4.43	1
3.1.4.44	1
3.1.4.45	1
3.1.4.46	0.5
3.1.4.47	1
3.1.4.48	1
3.1.4.49	1
3.1.4.50	1
3.1.4.51	1
3.1.4.52	1
3.1.4.53	1
3.1.4.54	1
3.1.4.55	1
3.1.4.56	1
3.1.4.57	1
3.1.4.58	1
3.1.4.59	1
3.1.4.60	1
3.1.5.1	1
3.1.5.B1	1
3.1.6.1	1
3.1.6.B2	1
3.1.6.2	1
3.1.6.3	1
3.1.6.4	1
3.1.6.5	1
3.1.6.6	1
3.1.6.7	1
3.1.6.8	1
3.1.6.9	1
3.1.6.10	1
3.1.6.11	1
3.1.6.12	1
3.1.6.13	1
3.1.6.14	1
3.1.6.15	1
3.1.6.16	1
3.1.6.17	1
3.1.6.18	1
3.1.6.19	1
3.1.6.20	1
3.1.7.1	1
3.1.7.2	1
3.1.7.3	1
3.1.7.4	1
3.1.7.5	1
3.1.7.6	1
3.1.7.7	1
3.1.7.8	1
3.1.7.9	1
3.1.7.10	1
3.1.7.11	1
3.1.7.12	1
3.1.8.1	1
3.1.8.2	1
3.1.11.1	1
3.1.11.2	1
3.1.11.3	1
3.1.11.4	5
3.1.11.5	1
3.1.11.6	1
3.1.11.7	1
3.1.11.8	1
3.1.12.1	1
3.1.12.2	1
3.1.13.B1	1
3.1.13.1	1
3.1.13.2	1
3.1.13.3	1
3.1.13.4	1
3.1.13.5	1
3.1.14.1	1
3.1.15.B1	1
3.1.15.1	1
3.1.16.1	1
3.1.21.1	1
3.1.21.B1	1
3.1.21.2	1
3.1.21.B2	1
3.1.21.B3	1
3.1.21.3	1
3.1.21.4	1
3.1.21.5	1
3.1.21.6	1
3.1.21.7	1
3.1.21.8	1
3.1.21.9	1
3.1.22.1	1
3.1.22.2	1
3.1.22.3	1
3.1.22.4	1
3.1.22.5	1
3.1.25.1	1
3.1.25.2	1
3.1.26.1	1
3.1.26.2	1
3.1.26.3	0.5
3.1.26.4	0.5
3.1.26.5	0.5
3.1.26.6	1
3.1.26.7	1
3.1.26.8	5
3.1.26.9	1
3.1.26.10	1
3.1.26.11	1
3.1.26.12	1
3.1.26.13	1
3.1.27.B1	1
3.1.27.1	1
3.1.27.2	1
3.1.27.3	1
3.1.27.4	1
3.1.27.5	1
3.1.27.6	1
3.1.27.7	1
3.1.27.8	1
3.1.27.9	1
3.1.27.10	1
3.1.30.1	1
3.1.30.2	1
3.1.31.1	1
3.1.99.B1	1
3.1.99.B2	1
3.1.99.B3	1
3.1.99.B4	1
3.1.99.B5	1
3.1.99.B6	1
3.2.1.1	5
3.2.1.B1	5
3.2.1.2	1
3.2.1.3	5
3.2.1.B3	1
3.2.1.4	5
3.2.1.5	1
3.2.1.6	1
3.2.1.7	1
3.2.1.8	5
3.2.1.B8	1
3.2.1.9	1
3.2.1.10	1
3.2.1.11	1
3.2.1.12	1
3.2.1.13	1
3.2.1.14	5
3.2.1.15	5
3.2.1.16	1
3.2.1.B16	1
3.2.1.17	5
3.2.1.18	1
3.2.1.19	1
3.2.1.20	5
3.2.1.21	1
3.2.1.22	5
3.2.1.23	5
3.2.1.B23	1
3.2.1.24	1
3.2.1.25	5
3.2.1.26	1
3.2.1.B26	1
3.2.1.27	1
3.2.1.28	1
3.2.1.B28	1
3.2.1.29	1
3.2.1.30	1
3.2.1.31	1
3.2.1.B31	1
3.2.1.32	5
3.2.1.B32	1
3.2.1.33	1
3.2.1.B33	1
3.2.1.34	1
3.2.1.B34	1
3.2.1.35	1
3.2.1.B35	1
3.2.1.36	5
3.2.1.B36	1
3.2.1.B37	1
3.2.1.37	1
3.2.1.38	1
3.2.1.39	1
3.2.1.40	5
3.2.1.B40	1
3.2.1.41	5
3.2.1.B41	1
3.2.1.B42	1
3.2.1.42	1
3.2.1.43	1
3.2.1.B43	1
3.2.1.44	1
3.2.1.B44	1
3.2.1.45	1
3.2.1.46	1
3.2.1.B47	1
3.2.1.47	1
3.2.1.B48	1
3.2.1.48	1
3.2.1.49	1
3.2.1.50	1
3.2.1.51	1
3.2.1.52	5
3.2.1.53	5
3.2.1.54	5
3.2.1.55	1
3.2.1.56	1
3.2.1.57	1
3.2.1.58	1
3.2.1.59	1
3.2.1.60	5
3.2.1.61	1
3.2.1.62	1
3.2.1.63	1
3.2.1.64	1
3.2.1.65	1
3.2.1.66	1
3.2.1.67	5
3.2.1.68	5
3.2.1.69	1
3.2.1.70	1
3.2.1.71	1
3.2.1.72	1
3.2.1.73	5
3.2.1.74	1
3.2.1.75	1
3.2.1.76	1
3.2.1.77	1
3.2.1.78	5
3.2.1.79	1
3.2.1.80	1
3.2.1.81	5
3.2.1.82	1
3.2.1.83	5
3.2.1.84	1
3.2.1.85	1
3.2.1.86	1
3.2.1.87	1
3.2.1.88	1
3.2.1.89	1
3.2.1.90	1
3.2.1.91	1
3.2.1.92	1
3.2.1.93	1
3.2.1.94	1
3.2.1.95	1
3.2.1.96	1
3.2.1.97	5
3.2.1.98	1
3.2.1.99	1
3.2.1.100	1
3.2.1.101	1
3.2.1.102	1
3.2.1.103	1
3.2.1.104	1
3.2.1.105	1
3.2.1.106	1
3.2.1.107	1
3.2.1.108	1
3.2.1.109	1
3.2.1.110	1
3.2.1.111	1
3.2.1.112	1
3.2.1.113	5
3.2.1.114	1
3.2.1.115	1
3.2.1.116	1
3.2.1.117	1
3.2.1.118	1
3.2.1.119	1
3.2.1.120	1
3.2.1.121	1
3.2.1.122	1
3.2.1.123	1
3.2.1.124	1
3.2.1.125	1
3.2.1.126	1
3.2.1.127	1
3.2.1.128	1
3.2.1.129	1
3.2.1.130	1
3.2.1.131	1
3.2.1.132	5
3.2.1.133	1
3.2.1.134	1
3.2.1.135	1
3.2.1.136	1
3.2.1.137	1
3.2.1.138	1
3.2.1.139	1
3.2.1.140	1
3.2.1.141	1
3.2.1.142	1
3.2.1.143	1
3.2.1.144	1
3.2.1.145	1
3.2.1.146	1
3.2.1.147	1
3.2.1.148	1
3.2.1.149	1
3.2.1.150	1
3.2.1.151	1
3.2.1.152	1
3.2.1.153	1
3.2.1.154	1
3.2.1.155	1
3.2.1.156	1
3.2.1.157	1
3.2.1.158	1
3.2.1.159	5
3.2.1.160	1
3.2.1.161	1
3.2.1.162	5
3.2.1.163	1
3.2.1.164	1
3.2.1.165	1
3.2.1.166	1
3.2.1.167	1
3.2.1.168	1
3.2.1.169	1
3.2.1.170	1
3.2.1.171	1
3.2.1.172	1
3.2.1.173	1
3.2.1.174	1
3.2.1.175	1
3.2.1.176	1
3.2.1.177	1
3.2.1.178	1
3.2.1.179	5
3.2.1.180	1
3.2.1.181	1
3.2.1.182	1
3.2.1.183	1
3.2.1.184	1
3.2.1.185	1
3.2.1.186	1
3.2.1.187	1
3.2.1.188	1
3.2.1.189	1
3.2.1.190	1
3.2.1.191	1
3.2.1.192	1
3.2.1.193	1
3.2.1.194	1
3.2.1.195	1
3.2.1.196	1
3.2.1.197	1
3.2.1.198	1
3.2.1.199	1
3.2.1.200	1
3.2.1.201	1
3.2.1.202	1
3.2.1.203	1
3.2.1.204	1
3.2.1.205	1
3.2.1.206	1
3.2.1.207	1
3.2.1.208	1
3.2.1.209	1
3.2.1.210	1
3.2.1.211	1
3.2.1.212	1
3.2.1.213	1
3.2.1.214	1
3.2.2.1	1
3.2.2.2	1
3.2.2.3	1
3.2.2.4	1
3.2.2.B5	1
3.2.2.5	1
3.2.2.6	1
3.2.2.B6	1
3.2.2.7	1
3.2.2.8	1
3.2.2.9	1
3.2.2.10	1
3.2.2.11	1
3.2.2.12	1
3.2.2.13	1
3.2.2.14	1
3.2.2.15	1
3.2.2.16	1
3.2.2.17	1
3.2.2.18	1
3.2.2.19	1
3.2.2.20	1
3.2.2.21	1
3.2.2.22	1
3.2.2.23	0.5
3.2.2.24	1
3.2.2.25	1
3.2.2.26	1
3.2.2.27	1
3.2.2.28	1
3.2.2.29	1
3.2.2.30	1
3.2.2.31	1
3.2.3.1	1
3.3.1.1	1
3.3.1.B1	1
3.3.1.2	5
3.3.1.3	1
3.3.2.B1	1
3.3.2.1	1
3.3.2.2	1
3.3.2.3	1
3.3.2.4	1
3.3.2.5	1
3.3.2.6	1
3.3.2.7	1
3.3.2.8	1
3.3.2.9	1
3.3.2.10	1
3.3.2.11	1
3.3.2.12	1
3.3.2.13	1
3.3.2.14	1
3.3.2.15	1
3.4.1.1	1
3.4.1.2	1
3.4.1.3	1
3.4.1.4	1
3.4.2.1	1
3.4.2.2	1
3.4.2.3	1
3.4.3.1	1
3.4.3.2	1
3.4.3.3	1
3.4.3.4	1
3.4.3.5	1
3.4.3.6	1
3.4.3.7	1
3.4.4.1	1
3.4.4.2	1
3.4.4.3	1
3.4.4.4	1
3.4.4.5	1
3.4.4.6	1
3.4.4.7	1
3.4.4.8	1
3.4.4.9	1
3.4.4.10	1
3.4.4.11	1
3.4.4.12	1
3.4.4.13	1
3.4.4.14	1
3.4.4.15	1
3.4.4.16	1
3.4.4.17	1
3.4.4.18	1
3.4.4.19	1
3.4.4.20	1
3.4.4.21	1
3.4.4.22	1
3.4.4.23	1
3.4.4.24	1
3.4.4.25	1
3.4.11.1	5
3.4.11.2	1
3.4.11.3	1
3.4.11.B3	1
3.4.11.B4	1
3.4.11.4	1
3.4.11.5	0.5
3.4.11.B5	1
3.4.11.6	1
3.4.11.B6	1
3.4.11.B7	1
3.4.11.7	1
3.4.11.B8	1
3.4.11.8	1
3.4.11.B9	1
3.4.11.9	1
3.4.11.10	1
3.4.11.11	1
3.4.11.12	1
3.4.11.13	1
3.4.11.14	1
3.4.11.15	1
3.4.11.16	1
3.4.11.17	1
3.4.11.18	0.5
3.4.11.19	1
3.4.11.20	1
3.4.11.21	1
3.4.11.22	1
3.4.11.23	1
3.4.11.24	1
3.4.11.25	1
3.4.11.26	1
3.4.13.1	1
3.4.13.2	1
3.4.13.3	1
3.4.13.4	1
3.4.13.5	1
3.4.13.6	1
3.4.13.7	1
3.4.13.8	1
3.4.13.9	1
3.4.13.10	1
3.4.13.11	1
3.4.13.12	1
3.4.13.13	1
3.4.13.14	1
3.4.13.15	1
3.4.13.16	1
3.4.13.17	1
3.4.13.18	1
3.4.13.19	1
3.4.13.20	1
3.4.13.21	1
3.4.13.22	1
3.4.13.23	1
3.4.14.1	1
3.4.14.2	1
3.4.14.3	1
3.4.14.4	1
3.4.14.5	1
3.4.14.6	1
3.4.14.7	1
3.4.14.8	1
3.4.14.9	1
3.4.14.10	1
3.4.14.11	1
3.4.14.12	1
3.4.14.13	1
3.4.15.1	1
3.4.15.2	1
3.4.15.3	1
3.4.15.4	1
3.4.15.5	1
3.4.15.6	1
3.4.16.1	1
3.4.16.2	1
3.4.16.3	1
3.4.16.4	1
3.4.16.5	1
3.4.16.6	1
3.4.17.1	1
3.4.17.B1	1
3.4.17.2	1
3.4.17.3	1
3.4.17.4	1
3.4.17.B4	1
3.4.17.5	1
3.4.17.B5	1
3.4.17.6	1
3.4.17.7	1
3.4.17.8	1
3.4.17.9	1
3.4.17.10	1
3.4.17.11	1
3.4.17.12	1
3.4.17.13	1
3.4.17.14	1
3.4.17.15	1
3.4.17.16	1
3.4.17.17	1
3.4.17.18	1
3.4.17.19	1
3.4.17.20	1
3.4.17.21	1
3.4.17.22	1
3.4.17.23	1
3.4.17.24	1
3.4.18.1	1
3.4.19.1	1
3.4.19.2	1
3.4.19.3	1
3.4.19.4	1
3.4.19.5	1
3.4.19.6	1
3.4.19.7	1
3.4.19.8	1
3.4.19.9	5
3.4.19.10	1
3.4.19.11	1
3.4.19.12	1
3.4.19.13	1
3.4.19.14	1
3.4.19.15	1
3.4.19.16	1
3.4.21.1	1
3.4.21.B1	1
3.4.21.2	1
3.4.21.B2	1
3.4.21.B3	1
3.4.21.3	1
3.4.21.B4	1
3.4.21.4	1
3.4.21.B5	1
3.4.21.5	1
3.4.21.6	1
3.4.21.B6	5
3.4.21.B7	1
3.4.21.7	1
3.4.21.8	1
3.4.21.9	1
3.4.21.10	1
3.4.21.B10	1
3.4.21.11	1
3.4.21.12	1
3.4.21.B12	1
3.4.21.13	1
3.4.21.14	1
3.4.21.15	1
3.4.21.16	1
3.4.21.17	1
3.4.21.18	1
3.4.21.19	1
3.4.21.20	1
3.4.21.21	1
3.4.21.B21	1
3.4.21.22	1
3.4.21.23	1
3.4.21.B24	1
3.4.21.24	1
3.4.21.25	1
3.4.21.B25	1
3.4.21.26	1
3.4.21.B26	1
3.4.21.27	1
3.4.21.B27	1
3.4.21.28	1
3.4.21.B28	1
3.4.21.29	1
3.4.21.30	1
3.4.21.B30	1
3.4.21.31	1
3.4.21.32	1
3.4.21.33	1
3.4.21.34	1
3.4.21.B34	1
3.4.21.35	1
3.4.21.36	1
3.4.21.37	1
3.4.21.38	1
3.4.21.39	1
3.4.21.B39	1
3.4.21.B40	1
3.4.21.40	1
3.4.21.41	1
3.4.21.B41	1
3.4.21.42	1
3.4.21.B42	1
3.4.21.43	1
3.4.21.B43	1
3.4.21.44	1
3.4.21.45	1
3.4.21.B45	1
3.4.21.46	1
3.4.21.47	1
3.4.21.48	1
3.4.21.B48	1
3.4.21.B49	1
3.4.21.49	1
3.4.21.B50	1
3.4.21.50	1
3.4.21.51	1
3.4.21.52	1
3.4.21.B52	1
3.4.21.53	0.5
3.4.21.54	1
3.4.21.B54	1
3.4.21.B55	1
3.4.21.55	1
3.4.21.56	1
3.4.21.B56	1
3.4.21.57	1
3.4.21.B57	1
3.4.21.B58	1
3.4.21.58	1
3.4.21.B59	1
3.4.21.59	1
3.4.21.B60	1
3.4.21.60	1
3.4.21.61	1
3.4.21.B61	1
3.4.21.62	5
3.4.21.63	1
3.4.21.64	1
3.4.21.65	1
3.4.21.66	1
3.4.21.67	1
3.4.21.68	1
3.4.21.69	1
3.4.21.70	1
3.4.21.71	1
3.4.21.72	1
3.4.21.73	1
3.4.21.74	1
3.4.21.75	1
3.4.21.76	1
3.4.21.77	1
3.4.21.78	1
3.4.21.79	1
3.4.21.80	1
3.4.21.81	1
3.4.21.82	1
3.4.21.83	1
3.4.21.84	1
3.4.21.85	1
3.4.21.86	1
3.4.21.87	1
3.4.21.88	1
3.4.21.89	1
3.4.21.90	1
3.4.21.91	1
3.4.21.92	1
3.4.21.93	1
3.4.21.94	1
3.4.21.95	1
3.4.21.96	1
3.4.21.97	1
3.4.21.98	1
3.4.21.99	1
3.4.21.100	1
3.4.21.101	1
3.4.21.102	1
3.4.21.103	1
3.4.21.104	1
3.4.21.105	1
3.4.21.106	1
3.4.21.107	1
3.4.21.108	1
3.4.21.109	1
3.4.21.110	1
3.4.21.111	1
3.4.21.112	1
3.4.21.113	1
3.4.21.114	1
3.4.21.115	1
3.4.21.116	1
3.4.21.117	1
3.4.21.118	1
3.4.21.119	1
3.4.21.120	1
3.4.21.121	1
3.4.22.1	1
3.4.22.B1	1
3.4.22.2	1
3.4.22.3	1
3.4.22.4	1
3.4.22.5	1
3.4.22.B5	1
3.4.22.B6	1
3.4.22.6	1
3.4.22.7	1
3.4.22.8	1
3.4.22.B8	1
3.4.22.9	1
3.4.22.10	1
3.4.22.11	1
3.4.22.12	1
3.4.22.13	1
3.4.22.14	1
3.4.22.B14	1
3.4.22.15	1
3.4.22.B15	1
3.4.22.16	1
3.4.22.17	1
3.4.22.18	1
3.4.22.19	1
3.4.22.B19	1
3.4.22.20	1
3.4.22.B20	1
3.4.22.21	1
3.4.22.22	1
3.4.22.23	1
3.4.22.B24	1
3.4.22.24	1
3.4.22.B25	1
3.4.22.25	1
3.4.22.B26	1
3.4.22.26	1
3.4.22.B27	1
3.4.22.27	1
3.4.22.B28	1
3.4.22.28	1
3.4.22.B29	1
3.4.22.29	1
3.4.22.B30	1
3.4.22.30	1
3.4.22.31	1
3.4.22.B31	1
3.4.22.B32	1
3.4.22.32	1
3.4.22.33	1
3.4.22.34	1
3.4.22.B35	1
3.4.22.35	1
3.4.22.B36	1
3.4.22.36	1
3.4.22.B37	1
3.4.22.37	1
3.4.22.B38	1
3.4.22.38	1
3.4.22.39	1
3.4.22.40	1
3.4.22.41	1
3.4.22.42	1
3.4.22.43	1
3.4.22.44	1
3.4.22.45	1
3.4.22.46	1
3.4.22.47	1
3.4.22.B47	1
3.4.22.48	1
3.4.22.B49	1
3.4.22.49	1
3.4.22.B50	1
3.4.22.50	1
3.4.22.51	1
3.4.22.52	1
3.4.22.53	1
3.4.22.54	1
3.4.22.55	1
3.4.22.56	1
3.4.22.57	1
3.4.22.58	1
3.4.22.59	1
3.4.22.60	1
3.4.22.B60	1
3.4.22.61	1
3.4.22.B61	1
3.4.22.62	1
3.4.22.B62	1
3.4.22.63	1
3.4.22.B63	1
3.4.22.64	1
3.4.22.B64	1
3.4.22.B65	1
3.4.22.65	1
3.4.22.66	1
3.4.22.B66	1
3.4.22.B67	1
3.4.22.67	1
3.4.22.B68	1
3.4.22.68	1
3.4.22.B69	1
3.4.22.69	1
3.4.22.B70	1
3.4.22.70	1
3.4.22.B71	1
3.4.22.71	1
3.4.22.B72	1
3.4.22.B73	1
3.4.22.B74	1
3.4.22.B75	1
3.4.22.B76	1
3.4.22.B77	1
3.4.22.B78	1
3.4.22.B79	1
3.4.22.B80	1
3.4.23.B1	1
3.4.23.1	1
3.4.23.2	1
3.4.23.B2	1
3.4.23.B3	1
3.4.23.3	1
3.4.23.4	1
3.4.23.B4	1
3.4.23.5	1
3.4.23.B5	1
3.4.23.B6	1
3.4.23.6	1
3.4.23.7	1
3.4.23.B8	1
3.4.23.8	1
3.4.23.B9	1
3.4.23.9	1
3.4.23.10	1
3.4.23.B10	1
3.4.23.B11	1
3.4.23.11	1
3.4.23.12	1
3.4.23.13	1
3.4.23.B13	1
3.4.23.B14	1
3.4.23.14	1
3.4.23.15	1
3.4.23.16	1
3.4.23.17	1
3.4.23.B17	1
3.4.23.18	1
3.4.23.B18	1
3.4.23.19	1
3.4.23.B19	1
3.4.23.B20	1
3.4.23.20	1
3.4.23.21	1
3.4.23.22	1
3.4.23.23	1
3.4.23.24	1
3.4.23.B24	1
3.4.23.25	1
3.4.23.B25	1
3.4.23.26	1
3.4.23.27	1
3.4.23.28	1
3.4.23.29	1
3.4.23.30	1
3.4.23.31	1
3.4.23.32	1
3.4.23.33	1
3.4.23.34	1
3.4.23.35	1
3.4.23.36	5
3.4.23.37	1
3.4.23.38	1
3.4.23.39	1
3.4.23.40	1
3.4.23.41	1
3.4.23.42	1
3.4.23.43	1
3.4.23.44	1
3.4.23.45	1
3.4.23.46	1
3.4.23.47	1
3.4.23.48	1
3.4.23.49	1
3.4.23.50	1
3.4.23.51	1
3.4.23.52	1
3.4.24.1	1
3.4.24.B2	0.5
3.4.24.2	1
3.4.24.B3	1
3.4.24.3	1
3.4.24.B4	1
3.4.24.4	1
3.4.24.5	1
3.4.24.B5	1
3.4.24.6	1
3.4.24.B6	1
3.4.24.7	1
3.4.24.B7	1
3.4.24.8	1
3.4.24.B8	1
3.4.24.B9	1
3.4.24.9	1
3.4.24.B10	1
3.4.24.10	1
3.4.24.B11	1
3.4.24.11	1
3.4.24.B12	1
3.4.24.12	1
3.4.24.13	1
3.4.24.B14	1
3.4.24.14	1
3.4.24.B15	1
3.4.24.15	1
3.4.24.16	1
3.4.24.B16	1
3.4.24.B17	1
3.4.24.17	1
3.4.24.B18	1
3.4.24.18	1
3.4.24.B19	1
3.4.24.19	1
3.4.24.B20	1
3.4.24.20	1
3.4.24.21	1
3.4.24.22	1
3.4.24.23	1
3.4.24.B23	1
3.4.24.24	1
3.4.24.B24	1
3.4.24.B25	1
3.4.24.25	1
3.4.24.B26	1
3.4.24.26	1
3.4.24.B27	1
3.4.24.27	5
3.4.24.B28	1
3.4.24.28	1
3.4.24.29	1
3.4.24.B29	1
3.4.24.B30	1
3.4.24.30	1
3.4.24.31	1
3.4.24.32	1
3.4.24.33	1
3.4.24.B33	1
3.4.24.34	1
3.4.24.B34	1
3.4.24.35	1
3.4.24.B35	1
3.4.24.36	1
3.4.24.B36	1
3.4.24.B37	1
3.4.24.37	1
3.4.24.B38	1
3.4.24.38	1
3.4.24.39	1
3.4.24.B39	1
3.4.24.B40	1
3.4.24.40	1
3.4.24.41	1
3.4.24.42	1
3.4.24.43	1
3.4.24.44	1
3.4.24.45	1
3.4.24.46	1
3.4.24.47	1
3.4.24.48	1
3.4.24.49	1
3.4.24.50	1
3.4.24.51	1
3.4.24.52	1
3.4.24.53	1
3.4.24.54	1
3.4.24.55	1
3.4.24.56	1
3.4.24.57	1
3.4.24.58	1
3.4.24.59	1
3.4.24.60	1
3.4.24.61	1
3.4.24.62	1
3.4.24.63	1
3.4.24.64	1
3.4.24.65	1
3.4.24.66	1
3.4.24.67	1
3.4.24.68	1
3.4.24.69	1
3.4.24.70	1
3.4.24.71	1
3.4.24.72	1
3.4.24.73	1
3.4.24.74	1
3.4.24.75	1
3.4.24.76	1
3.4.24.77	1
3.4.24.78	1
3.4.24.79	1
3.4.24.80	1
3.4.24.81	1
3.4.24.82	1
3.4.24.83	1
3.4.24.84	1
3.4.24.85	1
3.4.24.86	1
3.4.24.87	1
3.4.24.88	1
3.4.24.89	1
3.4.25.1	1
3.4.25.2	1
3.4.99.1	1
3.4.99.B1	1
3.4.99.2	1
3.4.99.B2	1
3.4.99.3	1
3.4.99.4	1
3.4.99.5	1
3.4.99.6	1
3.4.99.7	1
3.4.99.8	1
3.4.99.9	1
3.4.99.10	1
3.4.99.11	1
3.4.99.12	1
3.4.99.13	1
3.4.99.14	1
3.4.99.15	1
3.4.99.16	1
3.4.99.17	1
3.4.99.18	1
3.4.99.19	1
3.4.99.20	1
3.4.99.21	1
3.4.99.22	1
3.4.99.23	1
3.4.99.24	1
3.4.99.25	1
3.4.99.26	1
3.4.99.27	1
3.4.99.28	1
3.4.99.29	1
3.4.99.30	1
3.4.99.31	1
3.4.99.32	1
3.4.99.33	1
3.4.99.34	1
3.4.99.35	1
3.4.99.36	1
3.4.99.37	1
3.4.99.38	1
3.4.99.39	1
3.4.99.40	1
3.4.99.41	1
3.4.99.42	1
3.4.99.43	1
3.4.99.44	1
3.4.99.45	1
3.4.99.46	1
3.5.1.1	1
3.5.1.2	5
3.5.1.3	1
3.5.1.B4	1
3.5.1.4	1
3.5.1.5	1
3.5.1.6	1
3.5.1.7	1
3.5.1.8	1
3.5.1.9	1
3.5.1.10	1
3.5.1.11	1
3.5.1.12	1
3.5.1.B13	1
3.5.1.13	1
3.5.1.14	5
3.5.1.15	1
3.5.1.B15	1
3.5.1.16	1
3.5.1.17	1
3.5.1.B18	1
3.5.1.18	1
3.5.1.19	5
3.5.1.20	1
3.5.1.21	1
3.5.1.22	1
3.5.1.23	1
3.5.1.24	1
3.5.1.25	1
3.5.1.26	1
3.5.1.27	1
3.5.1.28	1
3.5.1.29	1
3.5.1.30	1
3.5.1.31	1
3.5.1.32	1
3.5.1.33	1
3.5.1.34	1
3.5.1.35	1
3.5.1.36	1
3.5.1.37	1
3.5.1.38	1
3.5.1.39	1
3.5.1.40	1
3.5.1.41	1
3.5.1.42	1
3.5.1.43	1
3.5.1.44	1
3.5.1.45	1
3.5.1.46	1
3.5.1.47	1
3.5.1.48	1
3.5.1.49	1
3.5.1.50	1
3.5.1.51	1
3.5.1.52	1
3.5.1.53	1
3.5.1.54	1
3.5.1.55	1
3.5.1.56	1
3.5.1.57	1
3.5.1.58	1
3.5.1.59	1
3.5.1.60	1
3.5.1.61	1
3.5.1.62	1
3.5.1.63	1
3.5.1.64	1
3.5.1.65	1
3.5.1.66	1
3.5.1.67	1
3.5.1.68	1
3.5.1.69	1
3.5.1.70	1
3.5.1.71	1
3.5.1.72	1
3.5.1.73	5
3.5.1.74	1
3.5.1.75	1
3.5.1.76	1
3.5.1.77	1
3.5.1.78	1
3.5.1.79	1
3.5.1.80	1
3.5.1.81	1
3.5.1.82	1
3.5.1.83	1
3.5.1.84	1
3.5.1.85	1
3.5.1.86	1
3.5.1.87	1
3.5.1.88	5
3.5.1.89	1
3.5.1.90	1
3.5.1.91	1
3.5.1.92	1
3.5.1.93	1
3.5.1.94	1
3.5.1.95	1
3.5.1.96	1
3.5.1.97	1
3.5.1.98	1
3.5.1.99	1
3.5.1.100	1
3.5.1.101	1
3.5.1.102	1
3.5.1.103	1
3.5.1.104	1
3.5.1.105	1
3.5.1.106	1
3.5.1.107	1
3.5.1.108	1
3.5.1.109	1
3.5.1.110	1
3.5.1.111	1
3.5.1.112	1
3.5.1.113	1
3.5.1.114	1
3.5.1.115	1
3.5.1.116	1
3.5.1.117	1
3.5.1.118	1
3.5.1.119	1
3.5.1.120	1
3.5.1.121	1
3.5.1.122	1
3.5.1.123	1
3.5.1.124	1
3.5.1.125	1
3.5.1.126	1
3.5.1.127	1
3.5.1.128	1
3.5.1.129	1
3.5.1.130	1
3.5.1.131	1
3.5.1.132	1
3.5.1.133	1
3.5.1.134	1
3.5.1.135	1
3.5.1.136	1
3.5.2.1	1
3.5.2.B2	1
3.5.2.2	5
3.5.2.B3	1
3.5.2.3	1
3.5.2.4	1
3.5.2.5	1
3.5.2.6	5
3.5.2.7	1
3.5.2.8	1
3.5.2.9	1
3.5.2.10	1
3.5.2.11	1
3.5.2.12	1
3.5.2.13	5
3.5.2.14	1
3.5.2.15	1
3.5.2.16	1
3.5.2.17	1
3.5.2.18	1
3.5.2.19	1
3.5.2.20	1
3.5.3.1	1
3.5.3.2	1
3.5.3.3	1
3.5.3.4	1
3.5.3.5	1
3.5.3.6	1
3.5.3.7	1
3.5.3.8	1
3.5.3.9	1
3.5.3.10	1
3.5.3.11	1
3.5.3.12	1
3.5.3.13	1
3.5.3.14	1
3.5.3.15	1
3.5.3.16	1
3.5.3.17	1
3.5.3.18	1
3.5.3.19	1
3.5.3.20	1
3.5.3.21	1
3.5.3.22	1
3.5.3.23	1
3.5.3.24	1
3.5.3.25	1
3.5.3.26	1
3.5.4.1	1
3.5.4.2	1
3.5.4.3	1
3.5.4.4	1
3.5.4.5	0.5
3.5.4.6	1
3.5.4.7	1
3.5.4.8	1
3.5.4.B9	1
3.5.4.9	1
3.5.4.10	1
3.5.4.11	1
3.5.4.12	5
3.5.4.13	1
3.5.4.14	1
3.5.4.15	1
3.5.4.16	1
3.5.4.17	1
3.5.4.18	1
3.5.4.19	1
3.5.4.20	1
3.5.4.21	1
3.5.4.22	1
3.5.4.23	1
3.5.4.24	1
3.5.4.25	1
3.5.4.26	1
3.5.4.27	1
3.5.4.28	1
3.5.4.29	1
3.5.4.30	1
3.5.4.31	1
3.5.4.32	1
3.5.4.33	1
3.5.4.34	1
3.5.4.35	1
3.5.4.36	1
3.5.4.37	1
3.5.4.38	1
3.5.4.39	1
3.5.4.40	1
3.5.4.41	1
3.5.4.42	1
3.5.4.43	1
3.5.4.44	1
3.5.4.45	1
3.5.4.46	1
3.5.5.1	1
3.5.5.2	1
3.5.5.3	1
3.5.5.4	1
3.5.5.5	1
3.5.5.6	1
3.5.5.7	1
3.5.5.8	1
3.5.99.1	1
3.5.99.2	1
3.5.99.3	1
3.5.99.4	1
3.5.99.5	1
3.5.99.6	1
3.5.99.7	1
3.5.99.8	1
3.5.99.9	1
3.5.99.10	1
3.5.99.11	1
3.6.1.1	0.5
3.6.1.2	1
3.6.1.3	1
3.6.1.4	1
3.6.1.5	1
3.6.1.6	1
3.6.1.7	1
3.6.1.8	1
3.6.1.9	1
3.6.1.10	1
3.6.1.11	1
3.6.1.B11	1
3.6.1.12	5
3.6.1.13	1
3.6.1.14	1
3.6.1.15	1
3.6.1.16	1
3.6.1.B16	1
3.6.1.B17	1
3.6.1.17	1
3.6.1.18	1
3.6.1.B18	1
3.6.1.19	1
3.6.1.20	1
3.6.1.21	1
3.6.1.22	1
3.6.1.23	1
3.6.1.24	1
3.6.1.25	1
3.6.1.26	1
3.6.1.27	1
3.6.1.28	1
3.6.1.29	1
3.6.1.30	1
3.6.1.31	1
3.6.1.32	1
3.6.1.33	1
3.6.1.34	1
3.6.1.35	1
3.6.1.36	1
3.6.1.37	1
3.6.1.38	1
3.6.1.39	1
3.6.1.40	1
3.6.1.41	1
3.6.1.42	1
3.6.1.43	1
3.6.1.44	1
3.6.1.45	1
3.6.1.46	1
3.6.1.47	1
3.6.1.48	0.5
3.6.1.49	1
3.6.1.50	1
3.6.1.51	1
3.6.1.52	1
3.6.1.53	1
3.6.1.54	1
3.6.1.55	1
3.6.1.56	1
3.6.1.57	1
3.6.1.58	1
3.6.1.59	1
3.6.1.60	1
3.6.1.61	1
3.6.1.62	1
3.6.1.63	1
3.6.1.64	1
3.6.1.65	1
3.6.1.66	1
3.6.1.67	1
3.6.1.68	1
3.6.1.69	1
3.6.1.70	1
3.6.1.71	1
3.6.1.72	1
3.6.1.73	1
3.6.2.1	1
3.6.2.2	1
3.6.3.1	1
3.6.3.2	1
3.6.3.3	1
3.6.3.4	1
3.6.3.5	1
3.6.3.6	1
3.6.3.7	1
3.6.3.8	1
3.6.3.9	1
3.6.3.10	1
3.6.3.11	1
3.6.3.12	1
3.6.3.13	1
3.6.3.14	1
3.6.3.15	1
3.6.3.16	1
3.6.3.17	1
3.6.3.18	1
3.6.3.19	1
3.6.3.20	1
3.6.3.21	1
3.6.3.22	1
3.6.3.23	1
3.6.3.24	1
3.6.3.25	1
3.6.3.26	1
3.6.3.27	1
3.6.3.28	1
3.6.3.29	1
3.6.3.30	1
3.6.3.31	1
3.6.3.32	1
3.6.3.33	1
3.6.3.34	1
3.6.3.35	1
3.6.3.36	1
3.6.3.37	1
3.6.3.38	1
3.6.3.39	1
3.6.3.40	1
3.6.3.41	1
3.6.3.42	1
3.6.3.43	1
3.6.3.44	1
3.6.3.45	1
3.6.3.46	1
3.6.3.47	1
3.6.3.48	1
3.6.3.49	1
3.6.3.50	1
3.6.3.51	1
3.6.3.52	1
3.6.3.53	1
3.6.3.54	1
3.6.3.55	1
3.6.4.B1	1
3.6.4.1	1
3.6.4.2	1
3.6.4.3	1
3.6.4.4	1
3.6.4.B4	1
3.6.4.5	1
3.6.4.B6	1
3.6.4.6	1
3.6.4.7	1
3.6.4.B7	1
3.6.4.B8	1
3.6.4.8	1
3.6.4.9	1
3.6.4.B9	1
3.6.4.B10	1
3.6.4.10	1
3.6.4.B11	1
3.6.4.11	1
3.6.4.12	0.5
3.6.4.13	1
3.6.5.1	1
3.6.5.2	0.5
3.6.5.3	1
3.6.5.4	0.5
3.6.5.5	1
3.6.5.6	1
3.7.1.1	1
3.7.1.2	1
3.7.1.3	1
3.7.1.4	1
3.7.1.5	1
3.7.1.6	1
3.7.1.7	1
3.7.1.8	1
3.7.1.9	1
3.7.1.10	1
3.7.1.11	1
3.7.1.12	1
3.7.1.13	1
3.7.1.14	1
3.7.1.15	1
3.7.1.16	1
3.7.1.17	1
3.7.1.18	1
3.7.1.19	1
3.7.1.20	1
3.7.1.21	1
3.7.1.22	1
3.7.1.23	1
3.7.1.24	1
3.7.1.25	1
3.7.1.26	1
3.7.1.27	1
3.8.1.1	1
3.8.1.2	1
3.8.1.3	1
3.8.1.4	1
3.8.1.5	1
3.8.1.6	1
3.8.1.7	1
3.8.1.8	1
3.8.1.9	1
3.8.1.10	1
3.8.1.11	1
3.8.2.1	1
3.9.1.1	1
3.9.1.2	1
3.9.1.3	1
3.10.1.1	1
3.10.1.2	1
3.11.1.1	1
3.11.1.2	1
3.11.1.3	1
3.12.1.B1	1
3.12.1.1	1
3.13.1.1	1
3.13.1.2	1
3.13.1.3	1
3.13.1.4	1
3.13.1.5	1
3.13.1.6	1
3.13.1.7	1
3.13.1.8	1
3.13.1.9	1
4.1.1.1	1
4.1.1.2	1
4.1.1.3	1
4.1.1.4	1
4.1.1.B4	1
4.1.1.5	1
4.1.1.6	1
4.1.1.7	1
4.1.1.8	1
4.1.1.B9	1
4.1.1.9	1
4.1.1.10	1
4.1.1.11	1
4.1.1.12	1
4.1.1.B12	1
4.1.1.13	1
4.1.1.B14	1
4.1.1.14	1
4.1.1.B15	1
4.1.1.15	1
4.1.1.16	1
4.1.1.17	1
4.1.1.18	1
4.1.1.19	1
4.1.1.20	1
4.1.1.21	1
4.1.1.22	1
4.1.1.23	1
4.1.1.24	1
4.1.1.25	1
4.1.1.26	1
4.1.1.27	1
4.1.1.28	1
4.1.1.29	1
4.1.1.30	1
4.1.1.31	1
4.1.1.32	1
4.1.1.33	1
4.1.1.34	1
4.1.1.35	1
4.1.1.36	1
4.1.1.37	1
4.1.1.38	1
4.1.1.39	5
4.1.1.40	1
4.1.1.41	1
4.1.1.42	1
4.1.1.43	1
4.1.1.44	1
4.1.1.45	1
4.1.1.46	1
4.1.1.47	1
4.1.1.48	1
4.1.1.49	1
4.1.1.50	1
4.1.1.51	1
4.1.1.52	1
4.1.1.53	1
4.1.1.54	1
4.1.1.55	5
4.1.1.56	1
4.1.1.57	1
4.1.1.58	1
4.1.1.59	1
4.1.1.60	1
4.1.1.61	1
4.1.1.62	1
4.1.1.63	1
4.1.1.64	1
4.1.1.65	1
4.1.1.66	1
4.1.1.67	1
4.1.1.68	1
4.1.1.69	5
4.1.1.70	1
4.1.1.71	1
4.1.1.72	1
4.1.1.73	1
4.1.1.74	1
4.1.1.75	1
4.1.1.76	1
4.1.1.77	1
4.1.1.78	1
4.1.1.79	1
4.1.1.80	1
4.1.1.81	1
4.1.1.82	1
4.1.1.83	1
4.1.1.84	1
4.1.1.85	1
4.1.1.86	1
4.1.1.87	1
4.1.1.88	1
4.1.1.89	1
4.1.1.90	1
4.1.1.91	1
4.1.1.92	1
4.1.1.93	1
4.1.1.94	1
4.1.1.95	1
4.1.1.96	1
4.1.1.97	1
4.1.1.98	1
4.1.1.99	1
4.1.1.100	1
4.1.1.101	1
4.1.1.102	1
4.1.1.103	1
4.1.1.104	1
4.1.1.105	1
4.1.1.106	1
4.1.1.107	1
4.1.1.108	1
4.1.1.109	1
4.1.1.110	1
4.1.1.111	1
4.1.1.112	1
4.1.1.113	1
4.1.1.114	1
4.1.1.115	1
4.1.1.116	1
4.1.1.117	1
4.1.1.118	1
4.1.1.119	1
4.1.1.120	1
4.1.1.121	1
4.1.2.1	1
4.1.2.2	1
4.1.2.3	1
4.1.2.4	0.5
4.1.2.5	1
4.1.2.6	1
4.1.2.B6	1
4.1.2.7	1
4.1.2.8	1
4.1.2.9	1
4.1.2.10	1
4.1.2.11	1
4.1.2.12	1
4.1.2.B12	1
4.1.2.13	5
4.1.2.14	1
4.1.2.15	1
4.1.2.16	1
4.1.2.17	1
4.1.2.18	1
4.1.2.19	1
4.1.2.20	1
4.1.2.21	1
4.1.2.22	1
4.1.2.23	1
4.1.2.24	1
4.1.2.25	1
4.1.2.26	1
4.1.2.27	1
4.1.2.28	1
4.1.2.29	1
4.1.2.30	1
4.1.2.31	1
4.1.2.32	5
4.1.2.33	1
4.1.2.34	5
4.1.2.35	1
4.1.2.36	1
4.1.2.37	1
4.1.2.38	1
4.1.2.39	1
4.1.2.40	1
4.1.2.41	1
4.1.2.42	1
4.1.2.43	5
4.1.2.44	1
4.1.2.45	1
4.1.2.46	1
4.1.2.47	1
4.1.2.48	1
4.1.2.49	1
4.1.2.50	1
4.1.2.51	1
4.1.2.52	1
4.1.2.53	1
4.1.2.54	1
4.1.2.55	1
4.1.2.56	1
4.1.2.57	1
4.1.2.58	1
4.1.2.59	1
4.1.2.60	1
4.1.2.61	1
4.1.2.62	1
4.1.3.1	5
4.1.3.2	1
4.1.3.B3	1
4.1.3.3	1
4.1.3.4	1
4.1.3.5	1
4.1.3.6	1
4.1.3.7	1
4.1.3.8	1
4.1.3.9	1
4.1.3.10	1
4.1.3.11	1
4.1.3.12	1
4.1.3.13	1
4.1.3.14	1
4.1.3.15	1
4.1.3.16	1
4.1.3.17	1
4.1.3.18	1
4.1.3.19	1
4.1.3.20	1
4.1.3.21	1
4.1.3.22	1
4.1.3.23	1
4.1.3.24	1
4.1.3.25	5
4.1.3.26	1
4.1.3.27	1
4.1.3.28	1
4.1.3.29	1
4.1.3.30	1
4.1.3.31	1
4.1.3.32	1
4.1.3.33	1
4.1.3.34	1
4.1.3.35	1
4.1.3.36	1
4.1.3.37	1
4.1.3.38	1
4.1.3.39	1
4.1.3.40	1
4.1.3.41	1
4.1.3.42	5
4.1.3.43	1
4.1.3.44	1
4.1.3.45	1
4.1.3.46	1
4.1.99.1	1
4.1.99.2	1
4.1.99.3	1
4.1.99.4	1
4.1.99.5	1
4.1.99.6	1
4.1.99.7	1
4.1.99.8	1
4.1.99.9	1
4.1.99.10	1
4.1.99.11	1
4.1.99.12	1
4.1.99.13	1
4.1.99.14	1
4.1.99.15	1
4.1.99.16	1
4.1.99.17	1
4.1.99.18	1
4.1.99.19	1
4.1.99.20	1
4.1.99.21	1
4.1.99.22	1
4.1.99.23	1
4.1.99.24	1
4.1.99.25	1
4.2.1.1	1
4.2.1.2	1
4.2.1.3	1
4.2.1.4	1
4.2.1.5	1
4.2.1.B5	1
4.2.1.B6	1
4.2.1.6	1
4.2.1.B7	1
4.2.1.7	1
4.2.1.B8	1
4.2.1.8	1
4.2.1.B9	1
4.2.1.9	1
4.2.1.10	1
4.2.1.11	0.5
4.2.1.12	1
4.2.1.13	1
4.2.1.14	1
4.2.1.15	1
4.2.1.16	1
4.2.1.17	1
4.2.1.18	1
4.2.1.19	1
4.2.1.B20	1
4.2.1.20	1
4.2.1.21	1
4.2.1.22	1
4.2.1.B22	1
4.2.1.23	1
4.2.1.24	1
4.2.1.25	1
4.2.1.B26	1
4.2.1.26	1
4.2.1.B27	1
4.2.1.27	1
4.2.1.28	1
4.2.1.B28	1
4.2.1.29	1
4.2.1.B29	1
4.2.1.30	1
4.2.1.31	1
4.2.1.32	1
4.2.1.33	1
4.2.1.34	1
4.2.1.35	1
4.2.1.36	1
4.2.1.37	1
4.2.1.38	1
4.2.1.39	1
4.2.1.40	1
4.2.1.41	1
4.2.1.42	1
4.2.1.43	1
4.2.1.44	1
4.2.1.45	1
4.2.1.46	1
4.2.1.47	1
4.2.1.48	1
4.2.1.49	1
4.2.1.50	1
4.2.1.51	1
4.2.1.52	1
4.2.1.53	1
4.2.1.54	1
4.2.1.55	1
4.2.1.56	1
4.2.1.57	1
4.2.1.58	1
4.2.1.59	1
4.2.1.60	1
4.2.1.61	1
4.2.1.62	1
4.2.1.63	1
4.2.1.64	1
4.2.1.65	1
4.2.1.66	1
4.2.1.67	1
4.2.1.68	0.5
4.2.1.69	1
4.2.1.70	1
4.2.1.71	1
4.2.1.72	1
4.2.1.73	1
4.2.1.74	1
4.2.1.75	1
4.2.1.76	1
4.2.1.77	1
4.2.1.78	1
4.2.1.79	1
4.2.1.80	1
4.2.1.81	1
4.2.1.82	1
4.2.1.83	1
4.2.1.84	1
4.2.1.85	1
4.2.1.86	1
4.2.1.87	1
4.2.1.88	1
4.2.1.89	1
4.2.1.90	1
4.2.1.91	1
4.2.1.92	1
4.2.1.93	1
4.2.1.94	1
4.2.1.95	1
4.2.1.96	1
4.2.1.97	1
4.2.1.98	1
4.2.1.99	1
4.2.1.100	1
4.2.1.101	1
4.2.1.102	1
4.2.1.103	1
4.2.1.104	1
4.2.1.105	1
4.2.1.106	1
4.2.1.107	1
4.2.1.108	1
4.2.1.109	1
4.2.1.110	1
4.2.1.111	1
4.2.1.112	1
4.2.1.113	1
4.2.1.114	1
4.2.1.115	1
4.2.1.116	1
4.2.1.117	1
4.2.1.118	1
4.2.1.119	1
4.2.1.120	1
4.2.1.121	1
4.2.1.122	1
4.2.1.123	1
4.2.1.124	1
4.2.1.125	1
4.2.1.126	1
4.2.1.127	1
4.2.1.128	1
4.2.1.129	1
4.2.1.130	1
4.2.1.131	1
4.2.1.132	1
4.2.1.133	1
4.2.1.134	1
4.2.1.135	1
4.2.1.136	1
4.2.1.137	1
4.2.1.138	1
4.2.1.139	1
4.2.1.140	1
4.2.1.141	1
4.2.1.142	1
4.2.1.143	1
4.2.1.144	1
4.2.1.145	1
4.2.1.146	1
4.2.1.147	1
4.2.1.148	1
4.2.1.149	1
4.2.1.150	1
4.2.1.151	1
4.2.1.152	1
4.2.1.153	1
4.2.1.154	1
4.2.1.155	1
4.2.1.156	1
4.2.1.157	1
4.2.1.158	1
4.2.1.159	1
4.2.1.160	1
4.2.1.161	1
4.2.1.162	1
4.2.1.163	1
4.2.1.164	1
4.2.1.165	1
4.2.1.166	1
4.2.1.167	1
4.2.1.168	1
4.2.1.169	1
4.2.1.170	1
4.2.1.171	1
4.2.1.172	1
4.2.1.173	1
4.2.1.174	1
4.2.1.175	1
4.2.2.1	1
4.2.2.2	5
4.2.2.3	5
4.2.2.4	1
4.2.2.5	1
4.2.2.B6	1
4.2.2.6	1
4.2.2.7	1
4.2.2.B7	1
4.2.2.8	1
4.2.2.9	1
4.2.2.10	5
4.2.2.11	5
4.2.2.12	5
4.2.2.13	1
4.2.2.14	1
4.2.2.15	1
4.2.2.16	1
4.2.2.17	1
4.2.2.18	5
4.2.2.19	1
4.2.2.20	1
4.2.2.21	1
4.2.2.22	1
4.2.2.23	1
4.2.2.24	1
4.2.2.25	5
4.2.2.26	1
4.2.2.27	1
4.2.3.1	1
4.2.3.2	1
4.2.3.3	1
4.2.3.4	1
4.2.3.5	1
4.2.3.6	1
4.2.3.7	1
4.2.3.8	1
4.2.3.9	1
4.2.3.10	1
4.2.3.11	1
4.2.3.12	1
4.2.3.13	1
4.2.3.14	1
4.2.3.15	1
4.2.3.16	1
4.2.3.B17	1
4.2.3.17	1
4.2.3.B18	1
4.2.3.18	1
4.2.3.B19	1
4.2.3.19	1
4.2.3.20	1
4.2.3.21	1
4.2.3.22	1
4.2.3.23	1
4.2.3.B23	1
4.2.3.24	1
4.2.3.B25	1
4.2.3.25	1
4.2.3.26	1
4.2.3.B26	1
4.2.3.27	1
4.2.3.B27	1
4.2.3.28	1
4.2.3.B28	1
4.2.3.B29	1
4.2.3.29	1
4.2.3.B30	1
4.2.3.30	1
4.2.3.31	1
4.2.3.B31	1
4.2.3.B32	1
4.2.3.32	1
4.2.3.B33	1
4.2.3.33	1
4.2.3.B34	1
4.2.3.34	1
4.2.3.B35	1
4.2.3.35	1
4.2.3.B36	1
4.2.3.36	1
4.2.3.37	1
4.2.3.38	1
4.2.3.39	1
4.2.3.B40	1
4.2.3.40	1
4.2.3.41	1
4.2.3.42	1
4.2.3.43	1
4.2.3.44	1
4.2.3.45	1
4.2.3.46	1
4.2.3.47	1
4.2.3.48	1
4.2.3.49	1
4.2.3.50	1
4.2.3.51	1
4.2.3.52	1
4.2.3.53	1
4.2.3.54	1
4.2.3.55	1
4.2.3.56	1
4.2.3.57	1
4.2.3.58	1
4.2.3.59	1
4.2.3.60	1
4.2.3.61	1
4.2.3.62	1
4.2.3.63	1
4.2.3.64	1
4.2.3.65	1
4.2.3.66	1
4.2.3.B66	1
4.2.3.B67	1
4.2.3.67	1
4.2.3.68	1
4.2.3.B68	1
4.2.3.69	1
4.2.3.B69	1
4.2.3.B70	1
4.2.3.70	1
4.2.3.71	1
4.2.3.72	1
4.2.3.73	1
4.2.3.74	1
4.2.3.75	1
4.2.3.76	1
4.2.3.77	1
4.2.3.78	1
4.2.3.79	1
4.2.3.80	1
4.2.3.81	1
4.2.3.82	1
4.2.3.83	1
4.2.3.84	1
4.2.3.85	1
4.2.3.86	1
4.2.3.87	1
4.2.3.88	1
4.2.3.89	1
4.2.3.90	1
4.2.3.91	1
4.2.3.92	1
4.2.3.93	1
4.2.3.94	1
4.2.3.95	1
4.2.3.96	1
4.2.3.97	1
4.2.3.98	1
4.2.3.99	1
4.2.3.100	1
4.2.3.101	1
4.2.3.102	1
4.2.3.103	1
4.2.3.104	1
4.2.3.105	1
4.2.3.106	1
4.2.3.107	1
4.2.3.108	1
4.2.3.109	1
4.2.3.110	1
4.2.3.111	1
4.2.3.112	1
4.2.3.113	1
4.2.3.114	1
4.2.3.115	1
4.2.3.116	1
4.2.3.117	1
4.2.3.118	1
4.2.3.119	1
4.2.3.120	1
4.2.3.121	1
4.2.3.122	1
4.2.3.123	1
4.2.3.124	1
4.2.3.125	1
4.2.3.126	1
4.2.3.127	1
4.2.3.128	1
4.2.3.129	1
4.2.3.130	1
4.2.3.131	1
4.2.3.132	1
4.2.3.133	1
4.2.3.134	1
4.2.3.135	1
4.2.3.136	1
4.2.3.137	1
4.2.3.138	1
4.2.3.139	1
4.2.3.140	1
4.2.3.141	1
4.2.3.142	1
4.2.3.143	1
4.2.3.144	1
4.2.3.145	1
4.2.3.146	1
4.2.3.147	1
4.2.3.148	1
4.2.3.149	1
4.2.3.150	1
4.2.3.151	1
4.2.3.152	1
4.2.3.153	1
4.2.3.154	1
4.2.3.155	1
4.2.3.156	1
4.2.3.157	1
4.2.3.158	1
4.2.3.159	1
4.2.3.160	1
4.2.3.161	1
4.2.3.162	1
4.2.3.163	1
4.2.3.164	1
4.2.3.165	1
4.2.3.166	1
4.2.3.167	1
4.2.3.168	1
4.2.3.169	1
4.2.3.170	1
4.2.3.171	1
4.2.3.172	1
4.2.3.173	1
4.2.3.174	1
4.2.3.175	1
4.2.3.176	1
4.2.3.177	1
4.2.3.178	1
4.2.3.179	1
4.2.3.180	1
4.2.3.181	1
4.2.3.182	1
4.2.3.183	1
4.2.3.184	1
4.2.3.185	1
4.2.3.186	1
4.2.3.187	1
4.2.3.188	1
4.2.3.189	1
4.2.3.190	1
4.2.3.191	1
4.2.3.192	1
4.2.3.193	1
4.2.3.194	1
4.2.3.195	1
4.2.3.196	1
4.2.3.197	1
4.2.3.198	1
4.2.3.199	1
4.2.3.200	1
4.2.3.201	1
4.2.3.202	1
4.2.3.203	1
4.2.3.204	1
4.2.3.205	1
4.2.99.B1	1
4.2.99.1	1
4.2.99.2	1
4.2.99.3	1
4.2.99.4	1
4.2.99.5	1
4.2.99.6	1
4.2.99.7	1
4.2.99.8	1
4.2.99.9	1
4.2.99.10	1
4.2.99.11	1
4.2.99.12	1
4.2.99.13	1
4.2.99.14	1
4.2.99.15	1
4.2.99.16	1
4.2.99.17	1
4.2.99.18	1
4.2.99.19	1
4.2.99.20	1
4.2.99.21	1
4.2.99.22	1
4.2.99.23	1
4.2.99.24	1
4.3.1.1	1
4.3.1.B2	1
4.3.1.2	1
4.3.1.3	1
4.3.1.4	1
4.3.1.5	1
4.3.1.6	1
4.3.1.7	1
4.3.1.8	1
4.3.1.9	1
4.3.1.10	1
4.3.1.11	1
4.3.1.12	1
4.3.1.13	1
4.3.1.14	1
4.3.1.15	1
4.3.1.16	1
4.3.1.17	1
4.3.1.18	1
4.3.1.19	1
4.3.1.20	1
4.3.1.21	1
4.3.1.22	1
4.3.1.23	1
4.3.1.24	1
4.3.1.25	1
4.3.1.26	1
4.3.1.27	1
4.3.1.28	1
4.3.1.29	1
4.3.1.30	1
4.3.1.31	1
4.3.1.32	1
4.3.2.1	1
4.3.2.2	1
4.3.2.3	1
4.3.2.4	1
4.3.2.5	1
4.3.2.6	1
4.3.2.7	1
4.3.2.8	1
4.3.2.9	1
4.3.2.10	1
4.3.3.1	1
4.3.3.2	1
4.3.3.3	1
4.3.3.4	1
4.3.3.5	1
4.3.3.6	1
4.3.3.7	1
4.3.99.1	1
4.3.99.2	1
4.3.99.3	1
4.3.99.4	1
4.4.1.1	1
4.4.1.B1	1
4.4.1.2	1
4.4.1.3	1
4.4.1.4	1
4.4.1.5	1
4.4.1.6	1
4.4.1.7	1
4.4.1.8	1
4.4.1.9	1
4.4.1.10	1
4.4.1.11	1
4.4.1.12	1
4.4.1.13	5
4.4.1.14	1
4.4.1.15	1
4.4.1.16	1
4.4.1.17	1
4.4.1.18	1
4.4.1.19	1
4.4.1.20	1
4.4.1.21	1
4.4.1.22	1
4.4.1.23	1
4.4.1.24	1
4.4.1.25	1
4.4.1.26	1
4.4.1.27	1
4.4.1.28	1
4.4.1.29	1
4.4.1.30	1
4.4.1.31	1
4.4.1.32	1
4.4.1.33	1
4.4.1.34	1
4.4.1.35	1
4.4.1.36	1
4.4.1.37	1
4.5.1.1	1
4.5.1.B1	1
4.5.1.2	1
4.5.1.3	1
4.5.1.4	1
4.5.1.5	1
4.6.1.1	1
4.6.1.2	1
4.6.1.3	1
4.6.1.4	1
4.6.1.5	1
4.6.1.6	1
4.6.1.7	1
4.6.1.8	1
4.6.1.9	1
4.6.1.10	1
4.6.1.11	1
4.6.1.12	1
4.6.1.13	5
4.6.1.14	1
4.6.1.15	1
4.6.1.16	1
4.6.1.17	1
4.6.1.18	1
4.6.1.19	1
4.6.1.20	1
4.6.1.21	1
4.6.1.22	1
4.6.1.23	1
4.6.1.24	1
4.6.1.25	1
4.7.1.1	1
4.99.1.1	1
4.99.1.2	1
4.99.1.B2	1
4.99.1.3	1
4.99.1.4	1
4.99.1.5	1
4.99.1.6	1
4.99.1.7	1
4.99.1.8	1
4.99.1.9	1
4.99.1.10	1
4.99.1.11	1
4.99.1.12	1
5.1.1.1	1
5.1.1.2	1
5.1.1.3	1
5.1.1.4	1
5.1.1.5	1
5.1.1.6	1
5.1.1.7	1
5.1.1.8	1
5.1.1.9	1
5.1.1.10	1
5.1.1.11	1
5.1.1.12	1
5.1.1.13	1
5.1.1.14	1
5.1.1.15	1
5.1.1.16	1
5.1.1.17	1
5.1.1.18	1
5.1.1.19	1
5.1.1.20	1
5.1.1.21	1
5.1.1.22	1
5.1.1.23	1
5.1.1.24	1
5.1.2.1	1
5.1.2.2	1
5.1.2.3	1
5.1.2.4	1
5.1.2.5	1
5.1.2.6	1
5.1.2.7	1
5.1.3.B1	1
5.1.3.1	0.5
5.1.3.2	0.5
5.1.3.3	1
5.1.3.4	1
5.1.3.5	1
5.1.3.6	1
5.1.3.7	1
5.1.3.8	1
5.1.3.9	1
5.1.3.10	1
5.1.3.11	1
5.1.3.B12	1
5.1.3.12	1
5.1.3.13	1
5.1.3.14	1
5.1.3.15	1
5.1.3.16	1
5.1.3.17	1
5.1.3.18	1
5.1.3.19	1
5.1.3.20	1
5.1.3.21	1
5.1.3.22	1
5.1.3.23	1
5.1.3.24	1
5.1.3.25	1
5.1.3.26	1
5.1.3.27	1
5.1.3.28	1
5.1.3.29	1
5.1.3.30	1
5.1.3.31	1
5.1.3.32	1
5.1.3.33	1
5.1.3.34	1
5.1.3.35	1
5.1.3.36	1
5.1.3.37	1
5.1.3.38	1
5.1.3.39	1
5.1.3.40	1
5.1.3.41	1
5.1.3.42	1
5.1.3.43	1
5.1.3.44	1
5.1.99.1	1
5.1.99.2	1
5.1.99.3	1
5.1.99.4	1
5.1.99.5	1
5.1.99.6	1
5.1.99.7	1
5.1.99.8	1
5.2.1.1	1
5.2.1.2	1
5.2.1.3	1
5.2.1.B4	1
5.2.1.4	1
5.2.1.5	1
5.2.1.6	1
5.2.1.7	1
5.2.1.8	1
5.2.1.9	1
5.2.1.10	1
5.2.1.11	1
5.2.1.12	1
5.2.1.13	1
5.2.1.14	1
5.3.1.1	0.5
5.3.1.2	1
5.3.1.3	1
5.3.1.B3	1
5.3.1.B4	1
5.3.1.4	1
5.3.1.5	5
5.3.1.6	0.5
5.3.1.7	1
5.3.1.8	1
5.3.1.9	0.5
5.3.1.10	1
5.3.1.11	1
5.3.1.12	1
5.3.1.13	1
5.3.1.14	1
5.3.1.15	1
5.3.1.16	1
5.3.1.17	1
5.3.1.18	1
5.3.1.19	1
5.3.1.20	1
5.3.1.21	1
5.3.1.22	1
5.3.1.23	1
5.3.1.24	1
5.3.1.25	1
5.3.1.26	1
5.3.1.27	1
5.3.1.28	1
5.3.1.29	1
5.3.1.30	1
5.3.1.31	1
5.3.1.32	1
5.3.1.33	1
5.3.1.34	1
5.3.1.35	1
5.3.1.36	1
5.3.2.1	1
5.3.2.2	1
5.3.2.3	1
5.3.2.4	1
5.3.2.5	1
5.3.2.6	1
5.3.2.7	1
5.3.2.8	1
5.3.3.1	1
5.3.3.2	1
5.3.3.B2	1
5.3.3.3	1
5.3.3.4	1
5.3.3.5	1
5.3.3.6	1
5.3.3.7	1
5.3.3.8	1
5.3.3.9	1
5.3.3.10	1
5.3.3.11	1
5.3.3.12	1
5.3.3.13	1
5.3.3.14	1
5.3.3.15	1
5.3.3.16	1
5.3.3.17	1
5.3.3.18	1
5.3.3.19	1
5.3.3.20	1
5.3.3.21	1
5.3.3.22	1
5.3.4.1	1
5.3.99.1	1
5.3.99.2	1
5.3.99.3	1
5.3.99.4	1
5.3.99.5	1
5.3.99.6	1
5.3.99.7	1
5.3.99.8	1
5.3.99.9	1
5.3.99.10	1
5.3.99.11	1
5.4.1.1	1
5.4.1.2	1
5.4.1.3	1
5.4.1.4	1
5.4.2.1	1
5.4.2.2	0.5
5.4.2.3	1
5.4.2.4	1
5.4.2.5	1
5.4.2.6	1
5.4.2.7	1
5.4.2.8	1
5.4.2.9	1
5.4.2.10	1
5.4.2.11	1
5.4.2.12	0.5
5.4.2.13	1
5.4.3.1	1
5.4.3.2	1
5.4.3.3	1
5.4.3.4	1
5.4.3.5	1
5.4.3.6	1
5.4.3.7	1
5.4.3.8	1
5.4.3.9	1
5.4.3.10	1
5.4.3.11	1
5.4.4.1	1
5.4.4.2	1
5.4.4.3	1
5.4.4.4	1
5.4.4.5	1
5.4.4.6	1
5.4.4.7	1
5.4.4.8	1
5.4.99.1	1
5.4.99.2	1
5.4.99.B2	1
5.4.99.3	1
5.4.99.4	1
5.4.99.B4	1
5.4.99.5	1
5.4.99.6	1
5.4.99.7	1
5.4.99.8	1
5.4.99.9	0.5
5.4.99.10	1
5.4.99.11	1
5.4.99.12	0.5
5.4.99.13	1
5.4.99.14	1
5.4.99.15	1
5.4.99.16	1
5.4.99.17	1
5.4.99.18	1
5.4.99.19	1
5.4.99.20	1
5.4.99.21	1
5.4.99.22	1
5.4.99.B22	1
5.4.99.23	1
5.4.99.24	1
5.4.99.B25	1
5.4.99.25	1
5.4.99.26	1
5.4.99.27	1
5.4.99.28	0.5
5.4.99.29	1
5.4.99.30	1
5.4.99.31	1
5.4.99.32	1
5.4.99.33	1
5.4.99.34	1
5.4.99.35	1
5.4.99.36	1
5.4.99.37	1
5.4.99.38	1
5.4.99.B38	1
5.4.99.39	1
5.4.99.B39	1
5.4.99.40	1
5.4.99.B40	1
5.4.99.41	1
5.4.99.B41	1
5.4.99.42	1
5.4.99.43	1
5.4.99.44	1
5.4.99.45	1
5.4.99.46	1
5.4.99.47	1
5.4.99.48	1
5.4.99.49	1
5.4.99.50	1
5.4.99.51	1
5.4.99.52	1
5.4.99.53	1
5.4.99.54	1
5.4.99.55	1
5.4.99.56	1
5.4.99.57	1
5.4.99.58	1
5.4.99.59	1
5.4.99.60	1
5.4.99.61	1
5.4.99.62	1
5.4.99.63	1
5.4.99.64	1
5.4.99.65	1
5.4.99.66	1
5.4.99.67	1
5.5.1.1	1
5.5.1.2	1
5.5.1.3	1
5.5.1.4	1
5.5.1.5	1
5.5.1.6	1
5.5.1.B6	1
5.5.1.7	1
5.5.1.B7	1
5.5.1.8	1
5.5.1.9	1
5.5.1.10	1
5.5.1.11	1
5.5.1.12	1
5.5.1.13	1
5.5.1.14	1
5.5.1.15	1
5.5.1.16	1
5.5.1.17	1
5.5.1.18	1
5.5.1.19	1
5.5.1.20	1
5.5.1.21	1
5.5.1.22	1
5.5.1.23	1
5.5.1.24	1
5.5.1.25	1
5.5.1.26	1
5.5.1.27	1
5.5.1.28	1
5.5.1.29	1
5.5.1.30	1
5.5.1.31	1
5.5.1.32	1
5.5.1.33	1
5.5.1.34	1
5.5.1.35	1
5.6.1.1	1
5.6.1.2	1
5.6.1.3	1
5.6.1.4	1
5.6.1.5	1
5.6.1.6	1
5.6.1.7	1
5.6.1.8	1
5.6.1.9	1
5.6.2.1	1
5.6.2.B2	1
5.6.2.2	5
5.99.1.1	1
5.99.1.2	1
5.99.1.3	1
5.99.1.4	1
6.1.1.1	0.5
6.1.1.2	0.5
6.1.1.B3	1
6.1.1.3	0.5
6.1.1.4	0.5
6.1.1.5	0.3
6.1.1.6	0.5
6.1.1.7	0.3
6.1.1.8	1
6.1.1.9	0.5
6.1.1.10	0.5
6.1.1.11	0.3
6.1.1.12	0.5
6.1.1.13	1
6.1.1.14	0.5
6.1.1.15	0.5
6.1.1.16	0.3
6.1.1.17	0.5
6.1.1.18	1
6.1.1.19	0.3
6.1.1.20	0.3
6.1.1.21	0.5
6.1.1.22	0.5
6.1.1.23	1
6.1.1.24	1
6.1.1.25	1
6.1.1.26	1
6.1.1.27	1
6.1.2.1	1
6.1.2.2	1
6.1.3.1	1
6.2.1.1	1
6.2.1.B1	1
6.2.1.2	1
6.2.1.3	1
6.2.1.B3	1
6.2.1.B4	1
6.2.1.4	1
6.2.1.B5	1
6.2.1.5	1
6.2.1.6	1
6.2.1.7	1
6.2.1.8	1
6.2.1.9	1
6.2.1.B10	1
6.2.1.10	1
6.2.1.11	1
6.2.1.B11	1
6.2.1.12	1
6.2.1.B13	1
6.2.1.13	1
6.2.1.14	1
6.2.1.15	1
6.2.1.16	1
6.2.1.17	1
6.2.1.18	1
6.2.1.19	1
6.2.1.20	1
6.2.1.21	1
6.2.1.22	1
6.2.1.23	1
6.2.1.24	1
6.2.1.25	1
6.2.1.26	1
6.2.1.27	1
6.2.1.28	1
6.2.1.29	1
6.2.1.30	1
6.2.1.31	1
6.2.1.32	1
6.2.1.33	1
6.2.1.34	1
6.2.1.35	1
6.2.1.36	1
6.2.1.37	1
6.2.1.38	1
6.2.1.39	1
6.2.1.40	1
6.2.1.41	1
6.2.1.42	1
6.2.1.43	1
6.2.1.44	1
6.2.1.45	1
6.2.1.46	1
6.2.1.47	1
6.2.1.48	1
6.2.1.49	1
6.2.1.50	1
6.2.1.51	1
6.2.1.52	1
6.2.1.53	1
6.2.1.54	1
6.2.1.55	1
6.2.1.56	1
6.2.1.57	1
6.2.1.58	1
6.2.1.59	1
6.2.1.60	1
6.2.1.61	1
6.2.1.62	1
6.2.1.63	1
6.2.1.64	1
6.2.1.65	1
6.2.2.1	1
6.2.2.2	1
6.2.2.3	1
6.3.1.1	1
6.3.1.2	1
6.3.1.3	1
6.3.1.4	1
6.3.1.5	1
6.3.1.6	1
6.3.1.7	1
6.3.1.8	1
6.3.1.9	1
6.3.1.10	1
6.3.1.11	1
6.3.1.12	1
6.3.1.13	1
6.3.1.14	1
6.3.1.15	1
6.3.1.16	1
6.3.1.17	1
6.3.1.18	1
6.3.1.19	1
6.3.1.20	0.5
6.3.2.B1	1
6.3.2.1	1
6.3.2.2	1
6.3.2.B2	1
6.3.2.3	1
6.3.2.B3	1
6.3.2.4	1
6.3.2.B4	1
6.3.2.5	1
6.3.2.6	1
6.3.2.7	1
6.3.2.8	1
6.3.2.9	1
6.3.2.B10	1
6.3.2.10	1
6.3.2.B11	1
6.3.2.11	1
6.3.2.12	1
6.3.2.B12	1
6.3.2.13	1
6.3.2.14	1
6.3.2.B15	1
6.3.2.15	1
6.3.2.16	1
6.3.2.B16	1
6.3.2.17	1
6.3.2.18	1
6.3.2.19	1
6.3.2.B19	1
6.3.2.20	1
6.3.2.21	1
6.3.2.22	1
6.3.2.B23	1
6.3.2.23	1
6.3.2.B24	1
6.3.2.24	1
6.3.2.25	1
6.3.2.26	1
6.3.2.27	1
6.3.2.28	1
6.3.2.29	1
6.3.2.30	1
6.3.2.31	1
6.3.2.32	1
6.3.2.33	1
6.3.2.34	1
6.3.2.35	1
6.3.2.36	1
6.3.2.37	1
6.3.2.38	1
6.3.2.39	1
6.3.2.40	1
6.3.2.41	1
6.3.2.42	1
6.3.2.43	1
6.3.2.44	1
6.3.2.45	1
6.3.2.46	1
6.3.2.47	1
6.3.2.48	1
6.3.2.49	1
6.3.2.50	1
6.3.2.51	1
6.3.2.52	1
6.3.2.53	1
6.3.2.54	1
6.3.2.55	1
6.3.2.56	1
6.3.2.57	1
6.3.2.58	1
6.3.3.1	1
6.3.3.2	0.5
6.3.3.3	1
6.3.3.4	1
6.3.3.5	1
6.3.3.6	1
6.3.3.7	1
6.3.4.1	1
6.3.4.2	0.3
6.3.4.3	1
6.3.4.4	1
6.3.4.5	1
6.3.4.6	1
6.3.4.7	1
6.3.4.8	1
6.3.4.9	1
6.3.4.10	1
6.3.4.11	1
6.3.4.12	1
6.3.4.13	1
6.3.4.14	1
6.3.4.15	1
6.3.4.16	1
6.3.4.17	1
6.3.4.18	1
6.3.4.19	0.5
6.3.4.20	1
6.3.4.21	1
6.3.4.22	1
6.3.4.23	1
6.3.4.24	1
6.3.5.1	1
6.3.5.2	1
6.3.5.3	1
6.3.5.4	1
6.3.5.5	1
6.3.5.6	1
6.3.5.7	1
6.3.5.8	1
6.3.5.9	1
6.3.5.10	1
6.3.5.11	1
6.3.5.12	1
6.3.5.13	1
6.4.1.1	5
6.4.1.2	1
6.4.1.3	1
6.4.1.4	1
6.4.1.5	1
6.4.1.6	1
6.4.1.7	1
6.4.1.8	1
6.4.1.9	1
6.5.1.B1	1
6.5.1.1	5
6.5.1.2	0.5
6.5.1.B3	1
6.5.1.3	1
6.5.1.4	1
6.5.1.5	1
6.5.1.6	1
6.5.1.7	1
6.5.1.8	1
6.5.1.9	1
6.6.1.1	1
6.6.1.2	1
6.6.99.99	1
7.1.1.1	1
7.1.1.2	1
7.1.1.3	1
7.1.1.4	1
7.1.1.5	1
7.1.1.6	1
7.1.1.7	1
7.1.1.8	1
7.1.1.9	5
7.1.2.1	1
7.1.2.2	5
7.1.3.1	1
7.2.1.1	1
7.2.1.2	1
7.2.1.3	1
7.2.2.1	1
7.2.2.2	1
7.2.2.3	1
7.2.2.4	1
7.2.2.5	1
7.2.2.6	1
7.2.2.7	1
7.2.2.8	1
7.2.2.9	1
7.2.2.10	1
7.2.2.11	1
7.2.2.12	1
7.2.2.13	1
7.2.2.14	1
7.2.2.15	1
7.2.2.16	1
7.2.2.17	1
7.2.2.18	1
7.2.2.19	1
7.2.2.20	1
7.2.2.21	1
7.2.4.1	1
7.2.4.2	1
7.2.4.3	1
7.2.4.4	1
7.2.4.5	1
7.3.2.1	0.5
7.3.2.2	1
7.3.2.3	1
7.3.2.4	1
7.3.2.5	1
7.3.2.6	1
7.3.2.7	1
7.4.2.1	1
7.4.2.2	1
7.4.2.3	1
7.4.2.4	1
7.4.2.5	5
7.4.2.6	0.5
7.4.2.7	1
7.4.2.8	0.5
7.4.2.9	1
7.4.2.10	1
7.4.2.11	1
7.4.2.12	1
7.4.2.13	1
7.5.2.1	1
7.5.2.2	1
7.5.2.3	1
7.5.2.4	1
7.5.2.5	1
7.5.2.6	0.5
7.5.2.7	1
7.5.2.B7	1
7.5.2.8	1
7.5.2.B8	1
7.5.2.B9	1
7.5.2.9	1
7.5.2.10	1
7.5.2.11	1
7.5.2.12	1
7.5.2.13	1
7.6.2.B1	1
7.6.2.1	1
7.6.2.2	1
7.6.2.3	1
7.6.2.4	1
7.6.2.5	1
7.6.2.6	1
7.6.2.7	1
7.6.2.8	1
7.6.2.9	1
7.6.2.10	1
7.6.2.11	1
7.6.2.12	1
7.6.2.13	1
7.6.2.14	1
7.6.2.15	1
7.6.2.16	1
